"Season","Country","Team","GP","W","L","D","GF","GA","GD","PTS"
2013,"ITA","Juventus",38,33,2,3,80,23,57,102
2011,"ESP","Real Madrid",38,32,2,4,121,32,89,100
2012,"ESP","FC Barcelona",38,32,2,4,115,40,75,100
2009,"ESP","FC Barcelona",38,31,1,6,98,24,74,99
2006,"ITA","Inter",38,30,1,7,80,34,46,97
2010,"ESP","FC Barcelona",38,30,2,6,95,21,74,96
2009,"ESP","Real Madrid",38,31,4,3,102,35,67,96
2004,"ENG","Chelsea",38,29,1,8,72,15,57,95
2014,"ESP","FC Barcelona",38,30,4,4,110,21,89,94
2014,"ESP","Real Madrid",38,30,6,2,118,38,80,92
2010,"ESP","Real Madrid",38,29,4,5,102,33,69,92
1996,"ESP","Real Madrid",42,27,4,11,85,36,49,92
2011,"ESP","FC Barcelona",38,28,3,7,114,29,85,91
2015,"ESP","FC Barcelona",38,29,5,4,112,29,83,91
2012,"GER","Bayern Munchen",34,29,1,4,98,18,80,91
2015,"ITA","Juventus",38,29,5,4,75,20,55,91
1999,"ENG","Manchester United",38,28,3,7,97,45,52,91
2005,"ENG","Chelsea",38,29,5,4,72,22,50,91
2005,"ITA","Juventus",38,27,1,10,71,24,47,91
2015,"ESP","Real Madrid",38,28,4,6,110,34,76,90
2013,"GER","Bayern Munchen",34,29,2,3,94,23,71,90
1996,"ESP","FC Barcelona",42,28,8,6,102,48,54,90
2013,"ESP","Atletico Madrid",38,28,4,6,77,26,51,90
2003,"ENG","Arsenal",38,26,0,12,73,26,47,90
2008,"ENG","Manchester United",38,28,4,6,68,24,44,90
2011,"ENG","Manchester City",38,28,5,5,93,29,64,89
2011,"ENG","Manchester United",38,28,5,5,89,33,56,89
2006,"ENG","Manchester United",38,28,5,5,83,27,56,89
2012,"ENG","Manchester United",38,28,5,5,86,43,43,89
2015,"GER","Bayern Munchen",34,28,2,4,80,17,63,88
2005,"ITA","AC Milan",38,28,6,4,85,31,54,88
2015,"ESP","Atletico Madrid",38,28,6,4,63,18,45,88
2008,"ESP","FC Barcelona",38,27,5,6,105,35,70,87
2013,"ESP","FC Barcelona",38,27,5,6,100,33,67,87
2013,"ESP","Real Madrid",38,27,5,6,104,38,66,87
2007,"ENG","Manchester United",38,27,5,6,80,22,58,87
2014,"ITA","Juventus",38,26,3,9,72,24,48,87
2012,"ITA","Juventus",38,27,5,6,71,24,47,87
2001,"ENG","Arsenal",38,26,3,9,79,36,43,87
2014,"ENG","Chelsea",38,26,3,9,73,32,41,87
2009,"ENG","Chelsea",38,27,6,5,103,32,71,86
2013,"ENG","Manchester City",38,27,6,5,102,37,65,86
2008,"ENG","Liverpool",38,25,2,11,77,27,50,86
2004,"ITA","Juventus",38,26,4,8,67,27,40,86
2012,"ESP","Real Madrid",38,26,5,7,103,42,61,85
2009,"ENG","Manchester United",38,27,7,4,86,28,58,85
2007,"ESP","Real Madrid",38,27,7,4,84,36,48,85
2013,"ITA","AS Roma",38,26,5,7,72,25,47,85
2007,"ITA","Inter",38,25,3,10,69,26,43,85
2007,"ENG","Chelsea",38,25,3,10,65,26,39,85
2013,"ENG","Liverpool",38,26,6,6,101,50,51,84
2011,"ITA","Juventus",38,23,0,15,68,20,48,84
2004,"ESP","FC Barcelona",38,25,4,9,73,29,44,84
2008,"ITA","Inter",38,25,4,9,70,32,38,84
2004,"ENG","Arsenal",38,25,5,8,87,36,51,83
2008,"ENG","Chelsea",38,25,5,8,68,24,44,83
2007,"ENG","Arsenal",38,24,3,11,74,31,43,83
2002,"ENG","Manchester United",38,25,5,8,74,34,40,83
2006,"ENG","Chelsea",38,24,3,11,64,24,40,83
2005,"ENG","Manchester United",38,25,5,8,72,34,38,83
2015,"ITA","SSC Napoli",38,25,6,7,80,32,48,82
2005,"ESP","FC Barcelona",38,25,6,7,80,35,45,82
2013,"ENG","Chelsea",38,25,6,7,71,27,44,82
2009,"ITA","Inter",38,24,4,10,75,34,41,82
2003,"ITA","AC Milan",34,25,2,7,65,24,41,82
2010,"ITA","AC Milan",38,24,4,10,65,24,41,82
2007,"ITA","AS Roma",38,24,4,10,72,37,35,82
2005,"ENG","Liverpool",38,25,6,7,57,25,32,82
2011,"GER","Borussia Dortmund",34,25,3,6,80,25,55,81
2015,"ENG","Leicester City",38,23,3,12,68,36,32,81
2000,"ENG","Manchester United",38,24,6,8,79,31,48,80
2015,"ITA","AS Roma",38,23,4,11,83,41,42,80
2000,"ESP","Real Madrid",38,24,6,8,81,40,41,80
2010,"ENG","Manchester United",38,23,4,11,78,37,41,80
2011,"ITA","AC Milan",38,24,6,8,74,33,41,80
2004,"ESP","Real Madrid",38,25,8,5,71,32,39,80
2001,"ENG","Liverpool",38,24,6,8,67,30,37,80
2009,"ITA","AS Roma",38,24,6,8,68,41,27,80
2014,"GER","Bayern Munchen",34,25,5,4,80,18,62,79
2014,"ENG","Manchester City",38,24,7,7,83,38,45,79
1998,"ESP","FC Barcelona",38,24,7,7,87,43,44,79
1998,"ENG","Manchester United",38,22,3,13,80,37,43,79
2003,"ENG","Chelsea",38,24,7,7,67,30,37,79
2004,"ITA","AC Milan",38,23,5,10,63,28,35,79
2013,"ENG","Arsenal",38,24,7,7,68,41,27,79
2015,"GER","Borussia Dortmund",34,24,4,6,82,34,48,78
1998,"GER","Bayern Munchen",34,24,4,6,76,28,48,78
2002,"ESP","Real Madrid",38,22,4,12,86,42,44,78
2002,"ENG","Arsenal",38,23,6,9,85,42,43,78
1998,"ENG","Arsenal",38,22,4,12,59,17,42,78
2013,"ITA","SSC Napoli",38,23,6,9,77,39,38,78
2014,"ESP","Atletico Madrid",38,23,6,9,67,29,38,78
2012,"ITA","SSC Napoli",38,23,6,9,73,36,37,78
1997,"ENG","Arsenal",38,23,6,9,68,33,35,78
2012,"ENG","Manchester City",38,23,6,9,66,34,32,78
2008,"ESP","Real Madrid",38,25,10,3,83,52,31,78
1997,"ENG","Manchester United",38,23,7,8,73,26,47,77
2003,"ESP","Valencia CF",38,23,7,8,71,27,44,77
2001,"ENG","Manchester United",38,24,9,5,87,45,42,77
2004,"GER","Bayern Munchen",34,24,5,5,75,33,42,77
2014,"ESP","Valencia CF",38,22,5,11,70,32,38,77
1996,"ESP","Real Betis",42,21,7,14,81,46,35,77
2004,"ENG","Manchester United",38,22,5,11,58,26,32,77
1996,"ESP","Deportivo La Coruna",42,21,7,14,57,30,27,77
2007,"ESP","Villarreal CF",38,24,9,5,63,40,23,77
2007,"GER","Bayern Munchen",34,22,2,10,68,21,47,76
2006,"ESP","FC Barcelona",38,22,6,10,78,33,45,76
2007,"ENG","Liverpool",38,21,4,13,67,28,39,76
2005,"ITA","Inter",38,23,8,7,68,30,38,76
2012,"ESP","Atletico Madrid",38,23,8,7,65,31,34,76
2010,"ITA","Inter",38,23,8,7,69,42,27,76
2002,"ESP","Real Sociedad",38,22,6,10,71,45,26,76
2014,"ESP","Sevilla FC",38,23,8,7,71,45,26,76
2006,"ESP","Real Madrid",38,23,8,7,66,40,26,76
2002,"GER","Bayern Munchen",34,23,5,6,70,25,45,75
2010,"GER","Borussia Dortmund",34,23,5,6,67,22,45,75
2009,"ENG","Arsenal",38,23,9,6,83,41,42,75
2006,"ITA","AS Roma",38,22,7,9,74,34,40,75
2012,"ENG","Chelsea",38,22,7,9,75,39,36,75
2014,"ENG","Arsenal",38,22,7,9,71,36,35,75
2000,"ITA","AS Roma",34,22,3,9,68,33,35,75
2005,"GER","Bayern Munchen",34,22,3,9,67,32,35,75
1996,"ENG","Manchester United",38,21,5,12,76,44,32,75
2003,"ENG","Manchester United",38,23,9,6,64,35,29,75
1998,"ENG","Chelsea",38,20,3,15,57,30,27,75
2001,"ESP","Valencia CF",38,21,5,12,51,27,24,75
2003,"GER","Werder Bremen",34,22,4,8,79,38,41,74
1997,"ITA","Juventus",34,21,2,11,67,28,39,74
2008,"ITA","AC Milan",38,22,8,8,70,35,35,74
2008,"ITA","Juventus",38,21,6,11,69,37,32,74
2005,"ITA","ACF Fiorentina",38,22,8,8,66,41,25,74
1997,"ESP","FC Barcelona",38,23,10,5,78,56,22,74
2011,"GER","Bayern Munchen",34,23,7,4,77,22,55,73
1999,"GER","Bayern Munchen",34,22,5,7,73,28,45,73
1999,"GER","Bayer Leverkusen",34,21,3,10,74,36,38,73
2012,"ENG","Arsenal",38,21,7,10,72,37,35,73
2000,"ITA","Juventus",34,21,3,10,61,27,34,73
2006,"ITA","ACF Fiorentina",38,21,7,10,62,31,31,73
1999,"ENG","Arsenal",38,22,9,7,73,43,30,73
2000,"ESP","Deportivo La Coruna",38,22,9,7,73,44,29,73
2007,"ITA","Juventus",38,20,6,12,72,37,35,72
2002,"ITA","Juventus",34,21,4,9,64,29,35,72
2008,"ENG","Arsenal",38,20,6,12,68,37,31,72
1999,"ITA","Lazio Roma",34,21,4,9,64,33,31,72
2012,"ITA","AC Milan",38,21,8,9,67,39,28,72
2004,"ITA","Inter",38,18,2,18,65,37,28,72
2003,"ESP","FC Barcelona",38,21,8,9,63,39,24,72
2013,"ENG","Everton",38,21,8,9,61,39,22,72
2002,"ESP","Deportivo La Coruna",38,22,10,6,67,47,20,72
2012,"ENG","Tottenham Hotspur",38,21,8,9,66,46,20,72
2003,"ITA","AS Roma",34,21,5,8,68,19,49,71
2013,"GER","Borussia Dortmund",34,22,7,5,80,38,42,71
2001,"ITA","Juventus",34,20,3,11,64,23,41,71
2010,"ENG","Chelsea",38,21,9,8,69,33,36,71
1996,"GER","Bayern Munchen",34,20,3,11,68,34,34,71
2015,"ENG","Arsenal",38,20,7,11,65,36,29,71
2006,"ESP","Sevilla FC",38,21,9,8,64,35,29,71
2010,"ENG","Manchester City",38,21,9,8,60,33,27,71
2003,"ESP","Deportivo La Coruna",38,21,9,8,60,34,26,71
1999,"ITA","Juventus",34,21,5,8,46,20,26,71
2001,"ENG","Newcastle United",38,21,9,8,74,52,22,71
2010,"ESP","Valencia CF",38,21,9,8,64,44,20,71
2009,"ESP","Valencia CF",38,21,9,8,59,40,19,71
2000,"ESP","RCD Mallorca",38,20,7,11,61,43,18,71
1996,"ESP","Atletico Madrid",42,20,11,11,76,64,12,71
2005,"GER","Werder Bremen",34,21,6,7,79,37,42,70
2009,"GER","Bayern Munchen",34,20,4,10,72,31,41,70
2015,"ENG","Tottenham Hotspur",38,19,6,13,69,35,34,70
2001,"ITA","AS Roma",34,19,2,13,58,24,34,70
2005,"ESP","Real Madrid",38,20,8,10,70,40,30,70
2001,"GER","Borussia Dortmund",34,21,6,7,62,33,29,70
2012,"ITA","ACF Fiorentina",38,21,10,7,72,44,28,70
2013,"ESP","Athletic Bilbao",38,20,8,10,66,39,27,70
2009,"ENG","Tottenham Hotspur",38,21,10,7,67,41,26,70
2011,"ENG","Arsenal",38,21,10,7,74,49,25,70
2000,"ENG","Arsenal",38,20,8,10,63,38,25,70
2014,"ENG","Manchester United",38,20,8,10,62,37,25,70
1998,"ITA","AC Milan",34,20,4,10,59,34,25,70
2006,"GER","VfB Stuttgart",34,21,6,7,61,37,24,70
2014,"ITA","AS Roma",38,19,6,13,54,31,23,70
2009,"ITA","AC Milan",38,20,8,10,60,39,21,70
2010,"ITA","SSC Napoli",38,21,10,7,59,39,20,70
2003,"ESP","Real Madrid",38,21,10,7,72,54,18,70
2008,"ESP","Sevilla FC",38,21,10,7,54,39,15,70
2008,"GER","VfL Wolfsburg",34,21,7,6,80,41,39,69
2001,"GER","Bayer Leverkusen",34,21,7,6,77,38,39,69
1997,"ITA","Inter",34,21,7,6,62,27,35,69
2014,"GER","VfL Wolfsburg",34,20,5,9,72,38,34,69
1998,"ITA","Lazio Roma",34,20,5,9,65,31,34,69
2014,"ITA","Lazio Roma",38,21,11,6,71,38,33,69
2000,"ENG","Liverpool",38,20,9,9,71,39,32,69
2000,"ITA","Lazio Roma",34,21,7,6,65,36,29,69
2005,"ITA","AS Roma",38,19,7,12,70,42,28,69
1996,"GER","Bayer Leverkusen",34,21,7,6,69,41,28,69
2001,"ITA","Inter",34,20,5,9,62,35,27,69
2003,"ITA","Juventus",34,21,7,6,67,42,25,69
2011,"ENG","Tottenham Hotspur",38,20,9,9,66,41,25,69
2005,"ESP","Valencia CF",38,19,7,12,58,33,25,69
1999,"ESP","Deportivo La Coruna",38,21,11,6,66,44,22,69
2006,"ITA","AC Milan",38,19,7,12,57,36,21,69
2002,"ENG","Newcastle United",38,21,11,6,63,48,15,69
1999,"ENG","Leeds United",38,21,11,6,58,43,15,69
2013,"ENG","Tottenham Hotspur",38,21,11,6,55,51,4,69
2001,"GER","Bayern Munchen",34,20,6,8,65,25,40,68
1996,"ENG","Newcastle United",38,19,8,11,73,40,33,68
2003,"GER","Bayern Munchen",34,20,6,8,70,39,31,68
1996,"ENG","Arsenal",38,19,8,11,62,32,30,68
2006,"ENG","Liverpool",38,20,10,8,57,27,30,68
2010,"ENG","Arsenal",38,19,8,11,72,43,29,68
2006,"ENG","Arsenal",38,19,8,11,63,35,28,68
1996,"ENG","Liverpool",38,19,8,11,62,37,25,68
2001,"ESP","Deportivo La Coruna",38,20,10,8,65,41,24,68
1997,"GER","1. FC Kaiserslautern",34,19,4,11,63,39,24,68
2005,"GER","Hamburger SV",34,21,8,5,53,30,23,68
2000,"ENG","Leeds United",38,20,10,8,64,43,21,68
2006,"GER","FC Schalke 04",34,21,8,5,53,32,21,68
2010,"GER","Bayer Leverkusen",34,20,6,8,64,44,20,68
2008,"ITA","Genoa CFC",38,19,8,11,56,39,17,68
1998,"ESP","Real Madrid",38,21,12,5,77,62,15,68
2005,"ESP","Sevilla FC",38,20,10,8,54,39,15,68
2008,"ITA","ACF Fiorentina",38,21,12,5,53,38,15,68
2005,"ESP","CA Osasuna",38,21,12,5,49,43,6,68
2005,"ENG","Arsenal",38,20,11,7,68,31,37,67
2007,"ESP","FC Barcelona",38,19,9,10,76,43,33,67
2002,"ENG","Chelsea",38,19,9,10,68,38,30,67
2008,"GER","Bayern Munchen",34,20,7,7,71,42,29,67
2009,"ENG","Manchester City",38,18,7,13,73,45,28,67
1998,"ENG","Leeds United",38,18,7,13,62,34,28,67
2008,"ESP","Atletico Madrid",38,20,11,7,80,57,23,67
1999,"ENG","Liverpool",38,19,9,10,51,30,21,67
2015,"ITA","Inter",38,20,11,7,50,38,12,67
2009,"ITA","Sampdoria",38,19,9,10,49,41,8,67
2012,"GER","Borussia Dortmund",34,19,6,9,81,42,39,66
2006,"GER","Werder Bremen",34,20,8,6,76,40,36,66
1997,"GER","Bayern Munchen",34,19,6,9,69,37,32,66
2007,"GER","Werder Bremen",34,20,8,6,75,45,30,66
2015,"ENG","Manchester City",38,19,10,9,71,41,30,66
2014,"GER","Bor. Monchengladbach",34,19,6,9,53,26,27,66
2001,"ESP","Real Madrid",38,19,10,9,69,44,25,66
2010,"ITA","Udinese Calcio",38,20,12,6,65,43,22,66
2012,"ESP","Real Sociedad",38,18,8,12,70,49,21,66
1998,"ESP","RCD Mallorca",38,20,12,6,48,31,17,66
2007,"ITA","ACF Fiorentina",38,19,10,9,55,39,16,66
2010,"ITA","Lazio Roma",38,20,12,6,55,39,16,66
2001,"ENG","Leeds United",38,18,8,12,53,37,16,66
2000,"ENG","Ipswich Town",38,20,12,6,57,42,15,66
2006,"ESP","Valencia CF",38,20,12,6,57,42,15,66
2012,"ITA","Udinese Calcio",38,18,8,12,59,45,14,66
2015,"ENG","Manchester United",38,19,10,9,49,35,14,66
2010,"GER","Bayern Munchen",34,19,7,8,81,40,41,65
2003,"GER","Bayer Leverkusen",34,19,7,8,73,39,34,65
2004,"ESP","Villarreal CF",38,18,9,11,69,37,32,65
1996,"ITA","Juventus",34,17,3,14,51,24,27,65
1997,"ENG","Liverpool",38,18,9,11,68,42,26,65
2012,"GER","Bayer Leverkusen",34,19,7,8,65,39,26,65
2002,"ITA","Inter",34,19,7,8,64,38,26,65
2006,"ITA","Lazio Roma",38,18,9,11,59,33,26,65
1998,"ESP","Valencia CF",38,19,11,8,63,39,24,65
2007,"ENG","Everton",38,19,11,8,55,33,22,65
2009,"GER","FC Schalke 04",34,19,7,8,53,31,22,65
2013,"ITA","ACF Fiorentina",38,19,11,8,65,44,21,65
1999,"ENG","Chelsea",38,18,9,11,53,34,19,65
2005,"ENG","Tottenham Hotspur",38,18,9,11,53,38,15,65
2012,"ESP","Valencia CF",38,19,11,8,67,54,13,65
2009,"ITA","US Palermo",38,18,9,11,59,47,12,65
1997,"ESP","Athletic Bilbao",38,17,7,14,52,42,10,65
2008,"ESP","Villarreal CF",38,18,9,11,61,54,7,65
2011,"ENG","Newcastle United",38,19,11,8,56,51,5,65
2011,"GER","FC Schalke 04",34,20,10,4,74,44,30,64
1998,"ESP","Celta Vigo",38,17,8,13,69,41,28,64
2001,"ENG","Chelsea",38,17,8,13,66,38,28,64
2007,"ITA","AC Milan",38,18,10,10,66,38,28,64
2001,"ESP","FC Barcelona",38,18,10,10,65,37,28,64
2003,"GER","VfB Stuttgart",34,18,6,10,52,24,28,64
2007,"ESP","Sevilla FC",38,20,14,4,75,49,26,64
1999,"ESP","FC Barcelona",38,19,12,7,70,46,24,64
2007,"GER","FC Schalke 04",34,18,6,10,55,32,23,64
1997,"ITA","Udinese Calcio",34,19,8,7,62,40,22,64
2013,"ENG","Manchester United",38,19,12,7,64,43,21,64
2008,"GER","VfB Stuttgart",34,19,8,7,63,43,20,64
2013,"GER","FC Schalke 04",34,19,8,7,63,43,20,64
2002,"ENG","Liverpool",38,18,10,10,61,41,20,64
1999,"ESP","Valencia CF",38,18,10,10,59,39,20,64
2007,"ESP","Atletico Madrid",38,19,12,7,66,47,19,64
2011,"ENG","Chelsea",38,18,10,10,65,46,19,64
2015,"ITA","ACF Fiorentina",38,18,10,10,60,42,18,64
2011,"ITA","Udinese Calcio",38,18,10,10,52,35,17,64
1996,"ESP","Athletic Bilbao",42,16,10,16,72,57,15,64
2014,"ITA","ACF Fiorentina",38,18,10,10,61,46,15,64
2009,"ENG","Aston Villa",38,17,8,13,52,39,13,64
2005,"ESP","Celta Vigo",38,20,14,4,45,33,12,64
1996,"ESP","Real Valladolid",42,18,14,10,57,46,11,64
2015,"ESP","Villarreal CF",38,18,10,10,44,35,9,64
2014,"ENG","Tottenham Hotspur",38,19,12,7,58,53,5,64
1998,"GER","Bayer Leverkusen",34,17,5,12,61,30,31,63
1997,"ENG","Chelsea",38,20,15,3,71,43,28,63
2009,"ENG","Liverpool",38,18,11,9,61,35,26,63
2000,"GER","Bayern Munchen",34,19,9,6,62,37,25,63
2000,"ESP","FC Barcelona",38,17,9,12,80,57,23,63
1997,"ESP","Real Sociedad",38,16,7,15,60,37,23,63
1996,"GER","Borussia Dortmund",34,19,9,6,63,41,22,63
2000,"ESP","Valencia CF",38,18,11,9,55,34,21,63
1999,"ESP","Real Zaragoza",38,16,7,15,60,40,20,63
1997,"ESP","Real Madrid",38,17,9,12,63,45,18,63
2015,"ENG","Southampton",38,18,11,9,59,41,18,63
2008,"ENG","Everton",38,17,9,12,55,37,18,63
2013,"ESP","Sevilla FC",38,18,11,9,69,52,17,63
2014,"ITA","SSC Napoli",38,18,11,9,70,54,16,63
2009,"ESP","Sevilla FC",38,19,13,6,65,49,16,63
2012,"ENG","Everton",38,16,7,15,55,40,15,63
1996,"ITA","Parma AC",34,18,7,9,41,26,15,63
1998,"ESP","Deportivo La Coruna",38,17,9,12,55,43,12,63
2004,"GER","FC Schalke 04",34,20,11,3,56,46,10,63
2005,"ENG","Blackburn Rovers",38,19,13,6,51,42,9,63
2010,"ITA","AS Roma",38,18,11,9,59,52,7,63
2008,"GER","Hertha BSC",34,19,9,6,48,41,7,63
2008,"ITA","AS Roma",38,18,11,9,64,61,3,63
1996,"ESP","Real Sociedad",42,18,15,9,50,47,3,63
2000,"GER","FC Schalke 04",34,18,8,8,65,35,30,62
1998,"GER","Hertha BSC",34,18,8,8,59,32,27,62
2004,"ITA","Udinese Calcio",38,17,10,11,56,40,16,62
2012,"ITA","AS Roma",38,18,12,8,71,56,15,62
2009,"ESP","RCD Mallorca",38,18,12,8,59,44,15,62
2008,"ESP","Valencia CF",38,18,12,8,68,54,14,62
2015,"ENG","West Ham United",38,16,8,14,65,51,14,62
2015,"ESP","Athletic Bilbao",38,18,12,8,58,45,13,62
2004,"ESP","Real Betis",38,16,8,14,62,50,12,62
1999,"ESP","Real Madrid",38,16,8,14,58,48,10,62
2005,"ITA","Lazio Roma",38,16,8,14,57,47,10,62
2010,"ESP","Villarreal CF",38,18,12,8,54,44,10,62
2011,"ITA","Lazio Roma",38,18,12,8,56,47,9,62
2010,"ENG","Tottenham Hotspur",38,16,8,14,55,46,9,62
2008,"ENG","Aston Villa",38,17,10,11,54,48,6,62
2014,"ENG","Liverpool",38,18,12,8,52,48,4,62
2006,"ESP","Villarreal CF",38,18,12,8,48,44,4,62
1996,"GER","VfB Stuttgart",34,18,9,7,78,40,38,61
2009,"GER","Werder Bremen",34,17,7,10,71,40,31,61
2012,"ENG","Liverpool",38,16,9,13,71,43,28,61
1999,"ITA","AC Milan",34,16,5,13,65,40,25,61
2014,"GER","Bayer Leverkusen",34,17,7,10,62,37,25,61
2002,"ITA","AC Milan",34,18,9,7,55,30,25,61
2000,"ENG","Chelsea",38,17,11,10,68,45,23,61
2001,"GER","Hertha BSC",34,18,9,7,61,38,23,61
2011,"ITA","SSC Napoli",38,16,9,13,66,46,20,61
2013,"GER","Bayer Leverkusen",34,19,11,4,60,41,19,61
2001,"GER","FC Schalke 04",34,18,9,7,52,36,16,61
2005,"GER","FC Schalke 04",34,16,5,13,47,31,16,61
2011,"ESP","Valencia CF",38,17,11,10,59,44,15,61
1996,"ENG","Aston Villa",38,17,11,10,47,34,13,61
2004,"ITA","Sampdoria",38,17,11,10,42,29,13,61
2009,"ENG","Everton",38,16,9,13,60,49,11,61
1998,"ESP","Espanyol Barcelona",38,16,9,13,49,38,11,61
2012,"ITA","Lazio Roma",38,18,13,7,51,42,9,61
2015,"ITA","Sassuolo Calcio",38,16,9,13,49,40,9,61
2002,"ESP","Celta Vigo",38,17,11,10,45,36,9,61
2004,"ESP","Espanyol Barcelona",38,17,11,10,54,46,8,61
1999,"ESP","CD Alaves",38,17,11,10,41,37,4,61
2008,"GER","Hamburger SV",34,19,11,4,49,47,2,61
2004,"ENG","Everton",38,18,13,7,45,46,-1,61
2002,"ITA","Lazio Roma",34,15,4,15,57,32,25,60
2011,"GER","Bor. Monchengladbach",34,17,8,9,49,24,25,60
1997,"ESP","Atletico Madrid",38,16,10,12,79,56,23,60
2013,"ITA","Inter",38,15,8,15,62,39,23,60
2002,"ESP","Valencia CF",38,17,12,9,56,35,21,60
2014,"ENG","Southampton",38,18,14,6,54,33,21,60
2007,"ENG","Aston Villa",38,16,10,12,71,51,20,60
2001,"ESP","Celta Vigo",38,16,10,12,64,46,18,60
2003,"ENG","Liverpool",38,16,10,12,55,37,18,60
2015,"GER","Bayer Leverkusen",34,18,10,6,56,40,16,60
1997,"ESP","RCD Mallorca",38,16,10,12,55,39,16,60
2006,"GER","Bayern Munchen",34,18,10,6,55,40,15,60
2013,"GER","VfL Wolfsburg",34,18,10,6,63,50,13,60
2015,"ENG","Liverpool",38,16,10,12,63,50,13,60
2006,"ESP","Real Zaragoza",38,16,10,12,55,43,12,60
2014,"ESP","Villarreal CF",38,16,10,12,48,37,11,60
2007,"ITA","Sampdoria",38,17,12,9,56,46,10,60
2002,"ENG","Blackburn Rovers",38,16,10,12,52,43,9,60
1997,"ESP","Celta Vigo",38,17,12,9,54,47,7,60
2006,"ESP","Atletico Madrid",38,17,12,9,46,39,7,60
1998,"ESP","Athletic Bilbao",38,17,12,9,53,47,6,60
2010,"GER","Hannover 96",34,19,12,3,49,45,4,60
2006,"ENG","Tottenham Hotspur",38,17,12,9,57,54,3,60
2004,"ESP","Sevilla FC",38,17,12,9,44,41,3,60
2007,"ESP","Racing Santander",38,17,12,9,42,41,1,60
2015,"ESP","Celta Vigo",38,17,12,9,51,59,-8,60
2004,"GER","Werder Bremen",34,18,11,5,68,37,31,59
2009,"GER","Bayer Leverkusen",34,15,5,14,65,38,27,59
1997,"ITA","AS Roma",34,16,7,11,67,42,25,59
1999,"GER","Hamburger SV",34,16,7,11,63,39,24,59
2008,"GER","Borussia Dortmund",34,15,5,14,60,37,23,59
2003,"ITA","Inter",34,17,9,8,59,37,22,59
2013,"ESP","Villarreal CF",38,17,13,8,60,44,16,59
1996,"ITA","Inter",34,15,5,14,51,35,16,59
2007,"ESP","RCD Mallorca",38,15,9,14,69,54,15,59
2014,"ITA","Genoa CFC",38,16,11,11,62,47,15,59
2002,"GER","VfB Stuttgart",34,17,9,8,53,39,14,59
1997,"ENG","Leeds United",38,17,13,8,57,46,11,59
2001,"ESP","Real Betis",38,15,9,14,42,34,8,59
2013,"ESP","Real Sociedad",38,16,11,11,62,55,7,59
2009,"ITA","SSC Napoli",38,15,9,14,50,43,7,59
1996,"ENG","Chelsea",38,16,11,11,58,55,3,59
2000,"ESP","Celta Vigo",38,16,11,11,51,49,2,59
1997,"ESP","Real Betis",38,17,13,8,49,50,-1,59
2002,"ENG","Everton",38,17,13,8,48,49,-1,59
2004,"GER","Hertha BSC",34,15,6,13,59,31,28,58
2002,"GER","Borussia Dortmund",34,15,6,13,51,27,24,58
1999,"ITA","Inter",34,17,10,7,58,36,22,58
2000,"GER","Borussia Dortmund",34,16,8,10,62,42,20,58
2006,"ENG","Everton",38,15,10,13,52,36,16,58
2010,"ENG","Liverpool",38,17,14,7,59,44,15,58
2004,"ESP","Valencia CF",38,14,8,16,54,39,15,58
1999,"ITA","Parma AC",34,16,8,10,52,37,15,58
2004,"GER","VfB Stuttgart",34,17,10,7,54,40,14,58
2010,"GER","1. FSV Mainz 05",34,18,12,4,52,39,13,58
2013,"ITA","Parma FC",38,15,10,13,58,46,12,58
2008,"ITA","Udinese Calcio",38,16,12,10,61,50,11,58
2003,"ITA","Parma AC",34,16,8,10,57,46,11,58
2004,"ENG","Liverpool",38,17,14,7,52,41,11,58
1999,"ENG","Aston Villa",38,15,10,13,46,35,11,58
2009,"ESP","Getafe CF",38,17,14,7,58,48,10,58
2010,"ITA","Juventus",38,15,10,13,57,47,10,58
2010,"ESP","Atletico Madrid",38,17,14,7,62,53,9,58
2006,"ITA","US Palermo",38,16,12,10,58,51,7,58
1997,"ENG","Blackburn Rovers",38,16,12,10,57,52,5,58
2004,"ENG","Bolton Wanderers",38,16,12,10,49,44,5,58
2005,"ENG","Newcastle United",38,17,14,7,47,42,5,58
2010,"ESP","Athletic Bilbao",38,18,16,4,59,55,4,58
2011,"ITA","Inter",38,17,14,7,58,55,3,58
2007,"ENG","Blackburn Rovers",38,15,10,13,50,48,2,58
2010,"ESP","Sevilla FC",38,17,14,7,62,61,1,58
1999,"ENG","Sunderland",38,16,12,10,57,56,1,58
2011,"ESP","Malaga CF",38,17,14,7,54,53,1,58
2008,"ESP","Deportivo La Coruna",38,16,12,10,48,47,1,58
1997,"ITA","ACF Fiorentina",34,15,7,12,65,36,29,57
2004,"GER","Bayer Leverkusen",34,16,9,9,65,44,21,57
1997,"ITA","Parma AC",34,15,7,12,55,39,16,57
2000,"GER","Bayer Leverkusen",34,17,11,6,54,40,14,57
1998,"GER","Borussia Dortmund",34,16,9,9,48,34,14,57
2009,"GER","Borussia Dortmund",34,16,9,9,54,42,12,57
1998,"ESP","Real Zaragoza",38,16,13,9,57,46,11,57
2005,"ESP","Villarreal CF",38,14,9,15,50,39,11,57
2013,"ITA","Torino FC",38,15,11,12,58,48,10,57
2013,"ITA","AC Milan",38,16,13,9,57,49,8,57
2007,"ENG","Portsmouth",38,16,13,9,48,40,8,57
2008,"ITA","US Palermo",38,17,15,6,57,50,7,57
2000,"ESP","Villarreal CF",38,16,13,9,58,52,6,57
2015,"ITA","AC Milan",38,15,11,12,49,43,6,57
2000,"ENG","Sunderland",38,15,11,12,46,41,5,57
1998,"GER","1. FC Kaiserslautern",34,17,11,6,51,47,4,57
2012,"ESP","Malaga CF",38,16,13,9,53,50,3,57
1997,"ENG","Aston Villa",38,17,15,6,49,48,1,57
1996,"ENG","Sheffield Wednesday",38,14,9,15,50,51,-1,57
2007,"ITA","Udinese Calcio",38,16,13,9,48,53,-5,57
1998,"ENG","West Ham United",38,16,13,9,46,53,-7,57
1997,"ITA","Lazio Roma",34,16,10,8,53,30,23,56
2000,"ITA","Parma AC",34,16,10,8,51,31,20,56
2002,"ITA","Parma AC",34,15,8,11,55,36,19,56
2003,"GER","VfL Bochum",34,15,8,11,57,39,18,56
2002,"ESP","FC Barcelona",38,15,12,11,63,47,16,56
1998,"ITA","ACF Fiorentina",34,16,10,8,55,41,14,56
2003,"ITA","Lazio Roma",34,16,10,8,52,38,14,56
1996,"ESP","CD Tenerife",42,15,16,11,69,57,12,56
2003,"ENG","Newcastle United",38,13,8,17,52,40,12,56
2001,"GER","Werder Bremen",34,17,12,5,54,43,11,56
2011,"ENG","Everton",38,15,12,11,50,40,10,56
2002,"GER","Hamburger SV",34,15,8,11,46,36,10,56
2001,"GER","1. FC Kaiserslautern",34,17,12,5,62,53,9,56
2013,"ENG","Southampton",38,15,12,11,54,46,8,56
2005,"ENG","Bolton Wanderers",38,15,12,11,49,41,8,56
2011,"ESP","Atletico Madrid",38,15,12,11,53,46,7,56
2011,"ITA","AS Roma",38,16,14,8,60,54,6,56
2000,"GER","Hertha BSC",34,18,14,2,58,52,6,56
2014,"ITA","Sampdoria",38,13,8,17,48,42,6,56
1996,"ESP","Valencia CF",42,15,16,11,63,59,4,56
2003,"ESP","Athletic Bilbao",38,15,12,11,53,49,4,56
2012,"ITA","Calcio Catania",38,15,12,11,50,46,4,56
2003,"ENG","Aston Villa",38,15,12,11,48,44,4,56
1996,"ENG","Wimbledon",38,15,12,11,49,46,3,56
2002,"ITA","Udinese Calcio",34,16,10,8,38,35,3,56
2009,"ESP","Villarreal CF",38,16,14,8,58,57,1,56
2012,"ESP","Real Betis",38,16,14,8,57,56,1,56
2011,"ITA","Parma FC",38,15,12,11,54,53,1,56
2013,"ITA","Lazio Roma",38,15,12,11,54,54,0,56
2000,"ESP","Malaga CF",38,16,14,8,60,61,-1,56
1997,"ENG","West Ham United",38,16,14,8,56,57,-1,56
2014,"ENG","Swansea City",38,16,14,8,46,49,-3,56
2010,"ITA","US Palermo",38,17,16,5,58,63,-5,56
2006,"ENG","Bolton Wanderers",38,16,14,8,47,52,-5,56
1997,"GER","Bayer Leverkusen",34,14,7,13,66,39,27,55
1998,"ITA","Parma AC",34,15,9,10,55,36,19,55
2015,"GER","Bor. Monchengladbach",34,17,13,4,67,50,17,55
1996,"ITA","Lazio Roma",34,15,9,10,54,37,17,55
2000,"GER","SC Freiburg",34,15,9,10,54,37,17,55
2013,"GER","Bor. Monchengladbach",34,16,11,7,59,43,16,55
2008,"GER","1899 Hoffenheim",34,15,9,10,63,49,14,55
2001,"ITA","AC Milan",34,14,7,13,47,33,14,55
2002,"ITA","Chievo Verona",34,16,11,7,51,39,12,55
2003,"GER","Borussia Dortmund",34,16,11,7,59,48,11,55
2014,"ITA","Inter",38,14,11,13,59,48,11,55
2003,"ESP","Sevilla FC",38,15,13,10,56,45,11,55
2009,"GER","VfB Stuttgart",34,15,9,10,51,41,10,55
2012,"GER","FC Schalke 04",34,16,11,7,58,50,8,55
2004,"ENG","Middlesbrough",38,14,11,13,53,46,7,55
1997,"ESP","Valencia CF",38,16,15,7,58,52,6,55
1998,"GER","VfL Wolfsburg",34,15,9,10,54,49,5,55
2006,"ENG","Reading",38,16,15,7,52,47,5,55
1998,"ENG","Aston Villa",38,15,13,10,51,46,5,55
2011,"ESP","Levante UD",38,16,15,7,54,50,4,55
1997,"ENG","Derby County",38,16,15,7,52,49,3,55
2004,"GER","Borussia Dortmund",34,15,9,10,47,44,3,55
2002,"ESP","Athletic Bilbao",38,15,13,10,63,61,2,55
2005,"ESP","Deportivo La Coruna",38,15,13,10,47,45,2,55
2014,"ESP","Athletic Bilbao",38,15,13,10,42,41,1,55
1999,"ENG","Leicester City",38,16,15,7,55,55,0,55
2009,"ITA","Juventus",38,16,15,7,55,56,-1,55
1999,"ENG","West Ham United",38,15,13,10,52,53,-1,55
2003,"ESP","Atletico Madrid",38,15,13,10,51,53,-2,55
2005,"ENG","West Ham United",38,16,15,7,52,55,-3,55
2008,"ESP","Malaga CF",38,15,13,10,55,59,-4,55
2007,"ENG","Manchester City",38,15,13,10,45,53,-8,55
1999,"ITA","AS Roma",34,14,8,12,57,34,23,54
2007,"GER","Hamburger SV",34,14,8,12,47,26,21,54
1998,"ITA","AS Roma",34,15,10,9,69,49,20,54
1998,"ENG","Liverpool",38,15,14,9,68,49,19,54
2007,"GER","VfL Wolfsburg",34,15,10,9,58,46,12,54
1996,"ITA","Udinese Calcio",34,15,10,9,53,41,12,54
2002,"GER","Hertha BSC",34,16,12,6,52,43,9,54
2011,"GER","Bayer Leverkusen",34,15,10,9,52,44,8,54
2010,"ENG","Everton",38,13,10,15,51,45,6,54
1998,"ITA","Juventus",34,15,10,9,42,36,6,54
2001,"ITA","Chievo Verona",34,14,8,12,57,52,5,54
2005,"ESP","Getafe CF",38,15,14,9,54,49,5,54
2005,"ITA","Chievo Verona",38,13,10,15,54,49,5,54
1998,"ESP","Real Sociedad",38,14,12,12,47,43,4,54
2002,"ESP","Real Betis",38,14,12,12,56,53,3,54
2014,"ENG","Stoke City",38,15,14,9,48,45,3,54
2014,"ITA","Torino FC",38,14,12,12,48,45,3,54
2000,"ENG","Aston Villa",38,13,10,15,46,43,3,54
2006,"ENG","Portsmouth",38,14,12,12,45,42,3,54
2006,"ESP","Recreativo Huelva",38,15,14,9,54,52,2,54
1998,"ITA","Udinese Calcio",34,16,12,6,52,52,0,54
2015,"ITA","Lazio Roma",38,15,14,9,52,52,0,54
2006,"ITA","Empoli FC",38,14,12,12,42,43,-1,54
2012,"ITA","Inter",38,16,16,6,55,57,-2,54
2003,"ESP","Villarreal CF",38,15,14,9,47,49,-2,54
2009,"ESP","Athletic Bilbao",38,15,14,9,50,53,-3,54
2001,"ESP","CD Alaves",38,17,18,3,41,44,-3,54
2013,"ITA","Hellas Verona",38,16,16,6,62,68,-6,54
2011,"ESP","CA Osasuna",38,13,10,15,44,61,-17,54
2011,"GER","VfB Stuttgart",34,15,11,8,63,46,17,53
1996,"ITA","Sampdoria",34,14,9,11,60,46,14,53
2001,"ITA","Lazio Roma",34,14,9,11,50,37,13,53
1997,"ESP","Espanyol Barcelona",38,12,9,17,44,31,13,53
2001,"ESP","Sevilla FC",38,14,13,11,51,40,11,53
1997,"ENG","Leicester City",38,13,11,14,51,41,10,53
1999,"ENG","Tottenham Hotspur",38,15,15,8,57,49,8,53
1999,"GER","TSV 1860 Munchen",34,14,9,11,55,48,7,53
2000,"GER","Werder Bremen",34,15,11,8,53,48,5,53
2008,"ENG","Fulham",38,14,13,11,39,34,5,53
2004,"ITA","US Palermo",38,12,9,17,48,44,4,53
1996,"GER","VfL Bochum",34,14,9,11,54,51,3,53
1999,"ESP","Celta Vigo",38,15,15,8,45,43,2,53
2003,"ENG","Charlton Athletic",38,14,13,11,51,51,0,53
2001,"ESP","Malaga CF",38,13,11,14,44,44,0,53
2008,"ITA","Cagliari Calcio",38,15,15,8,49,50,-1,53
2013,"GER","1. FSV Mainz 05",34,16,13,5,52,54,-2,53
2003,"ENG","Bolton Wanderers",38,14,13,11,48,56,-8,53
1999,"ESP","Real Valladolid",38,14,13,11,36,44,-8,53
2001,"ENG","West Ham United",38,15,15,8,48,57,-9,53
2001,"ESP","Athletic Bilbao",38,14,13,11,54,66,-12,53
1996,"ESP","SD Compostela",42,13,15,14,52,65,-13,53
2012,"ESP","Rayo Vallecano",38,16,17,5,50,66,-16,53
2005,"GER","Bayer Leverkusen",34,14,10,10,64,49,15,52
2009,"GER","Hamburger SV",34,13,8,13,56,41,15,52
1999,"ENG","Newcastle United",38,14,14,10,63,54,9,52
2004,"ENG","Manchester City",38,13,12,13,47,39,8,52
2005,"ESP","Atletico Madrid",38,13,12,13,45,37,8,52
2011,"ENG","Liverpool",38,14,14,10,47,40,7,52
2014,"ITA","AC Milan",38,13,12,13,56,50,6,52
1997,"GER","VfB Stuttgart",34,14,10,10,55,49,6,52
2003,"ENG","Fulham",38,14,14,10,52,46,6,52
2004,"ENG","Tottenham Hotspur",38,14,14,10,47,41,6,52
2006,"ESP","Getafe CF",38,14,14,10,39,33,6,52
1997,"GER","FC Schalke 04",34,13,8,13,38,32,6,52
2003,"ESP","Real Betis",38,13,12,13,46,43,3,52
2015,"GER","FC Schalke 04",34,15,12,7,51,49,2,52
1997,"ENG","Coventry City",38,12,10,16,46,44,2,52
2002,"GER","Werder Bremen",34,16,14,4,51,50,1,52
2015,"ESP","Sevilla FC",38,14,14,10,51,50,1,52
2007,"GER","VfB Stuttgart",34,16,14,4,57,57,0,52
2013,"GER","FC Augsburg",34,15,12,7,47,47,0,52
2001,"ITA","Bologna FC",34,15,12,7,40,40,0,52
2007,"ESP","Deportivo La Coruna",38,15,16,7,46,47,-1,52
2006,"ENG","Blackburn Rovers",38,15,16,7,52,54,-2,52
1999,"ESP","Rayo Vallecano",38,15,16,7,51,53,-2,52
2005,"ITA","US Palermo",38,13,12,13,50,52,-2,52
2011,"ITA","Atalanta",38,13,12,13,41,43,-2,52
2011,"ENG","Fulham",38,14,14,10,48,51,-3,52
2002,"ENG","Southampton",38,13,12,13,43,46,-3,52
2007,"ESP","UD Almeria",38,14,14,10,42,45,-3,52
2011,"ESP","RCD Mallorca",38,14,14,10,42,46,-4,52
2009,"ITA","Parma FC",38,14,14,10,46,51,-5,52
1998,"ENG","Derby County",38,13,12,13,40,45,-5,52
1999,"ENG","Middlesbrough",38,14,14,10,46,52,-6,52
2000,"ENG","Charlton Athletic",38,14,14,10,50,57,-7,52
2002,"ESP","RCD Mallorca",38,14,14,10,49,56,-7,52
2000,"ENG","Southampton",38,14,14,10,40,48,-8,52
2007,"GER","Bayer Leverkusen",34,15,13,6,57,40,17,51
1999,"ITA","ACF Fiorentina",34,13,9,12,48,38,10,51
1997,"GER","Hansa Rostock",34,14,11,9,54,46,8,51
1999,"ESP","RCD Mallorca",38,14,15,9,52,45,7,51
2004,"ESP","Athletic Bilbao",38,14,15,9,59,54,5,51
2004,"GER","Hamburger SV",34,16,15,3,55,50,5,51
2006,"GER","Bayer Leverkusen",34,15,13,6,54,49,5,51
2010,"ITA","ACF Fiorentina",38,12,11,15,49,44,5,51
2012,"GER","SC Freiburg",34,14,11,9,45,40,5,51
2012,"GER","Eintracht Frankfurt",34,14,11,9,49,46,3,51
2014,"ESP","Celta Vigo",38,13,13,12,47,44,3,51
2006,"ITA","Reggina Calcio",38,12,11,15,52,50,2,51
2000,"ITA","Inter",34,14,11,9,47,47,0,51
2008,"ENG","Tottenham Hotspur",38,14,15,9,45,45,0,51
2010,"ITA","Genoa CFC",38,14,15,9,45,47,-2,51
2011,"ITA","Bologna FC",38,13,13,12,41,43,-2,51
2008,"ENG","West Ham United",38,14,15,9,42,45,-3,51
2009,"ITA","Genoa CFC",38,14,15,9,57,61,-4,51
2004,"ESP","Deportivo La Coruna",38,12,11,15,46,50,-4,51
2003,"ESP","Malaga CF",38,15,17,6,50,55,-5,51
1996,"ESP","Espanyol Barcelona",42,14,19,9,51,57,-6,51
1998,"ENG","Middlesbrough",38,12,11,15,48,54,-6,51
2000,"ENG","Newcastle United",38,14,15,9,44,50,-6,51
2008,"ESP","RCD Mallorca",38,14,15,9,53,60,-7,51
2002,"ENG","Manchester City",38,15,17,6,47,54,-7,51
2005,"ENG","Wigan Athletic",38,15,17,6,45,52,-7,51
2004,"ESP","Malaga CF",38,15,17,6,40,48,-8,51
2003,"ESP","RCD Mallorca",38,15,17,6,54,66,-12,51
2007,"ESP","Valencia CF",38,15,17,6,48,62,-14,51
2015,"ENG","Stoke City",38,14,15,9,41,55,-14,51
2008,"GER","FC Schalke 04",34,14,12,8,47,35,12,50
1999,"ENG","Everton",38,12,12,14,59,49,10,50
1999,"ITA","Udinese Calcio",34,13,10,11,55,45,10,50
2008,"ENG","Manchester City",38,15,18,5,58,50,8,50
2003,"GER","FC Schalke 04",34,13,10,11,49,42,7,50
2009,"GER","VfL Wolfsburg",34,14,12,8,64,58,6,50
2015,"ENG","Chelsea",38,12,12,14,59,53,6,50
2004,"ESP","Atletico Madrid",38,13,14,11,40,34,6,50
2012,"ESP","Sevilla FC",38,14,16,8,58,54,4,50
2001,"GER","VfB Stuttgart",34,13,10,11,47,43,4,50
2015,"GER","1. FSV Mainz 05",34,14,12,8,46,42,4,50
2003,"ITA","Udinese Calcio",34,13,10,11,44,40,4,50
2006,"ITA","Atalanta",38,12,12,14,56,54,2,50
2000,"ESP","Espanyol Barcelona",38,14,16,8,46,44,2,50
2006,"ENG","Aston Villa",38,11,10,17,43,41,2,50
2011,"ESP","Sevilla FC",38,13,14,11,48,47,1,50
1998,"GER","Hamburger SV",34,13,10,11,47,46,1,50
2001,"GER","TSV 1860 Munchen",34,15,14,5,59,59,0,50
2009,"ITA","AS Bari",38,13,14,11,49,49,0,50
2015,"GER","Hertha BSC",34,14,12,8,42,42,0,50
2001,"ENG","Aston Villa",38,12,12,14,46,47,-1,50
2002,"ESP","Sevilla FC",38,13,14,11,38,39,-1,50
1996,"ESP","Racing Santander",42,11,14,17,52,54,-2,50
2015,"ITA","Chievo Verona",38,13,14,11,43,45,-2,50
2007,"ITA","SSC Napoli",38,14,16,8,50,53,-3,50
2007,"ESP","Athletic Bilbao",38,13,14,11,40,43,-3,50
2001,"ENG","Tottenham Hotspur",38,14,16,8,49,53,-4,50
1997,"GER","Werder Bremen",34,14,12,8,43,47,-4,50
1999,"GER","1. FC Kaiserslautern",34,15,14,5,54,59,-5,50
2004,"ESP","Real Zaragoza",38,14,16,8,52,57,-5,50
2000,"GER","1. FC Kaiserslautern",34,15,14,5,49,54,-5,50
2003,"ENG","Birmingham City",38,12,12,14,43,48,-5,50
2006,"ESP","Racing Santander",38,12,12,14,42,48,-6,50
2014,"ESP","Malaga CF",38,14,16,8,42,48,-6,50
2013,"ENG","Stoke City",38,13,14,11,45,52,-7,50
1999,"GER","Hertha BSC",34,13,10,11,39,46,-7,50
1996,"ESP","Real Zaragoza",42,12,16,14,58,66,-8,50
2013,"ITA","Atalanta",38,15,18,5,43,51,-8,50
2008,"ITA","Lazio Roma",38,15,18,5,46,55,-9,50
2009,"ENG","Birmingham City",38,13,14,11,38,47,-9,50
1999,"ESP","Athletic Bilbao",38,12,12,14,47,57,-10,50
2002,"ENG","Tottenham Hotspur",38,14,16,8,51,62,-11,50
1997,"ESP","Real Valladolid",38,13,14,11,36,47,-11,50
2009,"ENG","Blackburn Rovers",38,13,14,11,41,55,-14,50
2005,"ENG","Everton",38,14,16,8,34,49,-15,50
1996,"ESP","Sporting Gijon",42,13,18,11,45,63,-18,50
2008,"GER","Bayer Leverkusen",34,14,13,7,59,46,13,49
1996,"GER","Karlsruher SC",34,13,11,10,55,44,11,49
2000,"ITA","AC Milan",34,12,9,13,56,46,10,49
2002,"ITA","AS Roma",34,13,11,10,55,46,9,49
1996,"ITA","Bologna FC",34,13,11,10,50,44,6,49
2010,"ENG","Fulham",38,11,11,16,49,43,6,49
2002,"GER","FC Schalke 04",34,12,9,13,46,40,6,49
2002,"ENG","Middlesbrough",38,13,15,10,48,44,4,49
1998,"GER","MSV Duisburg",34,13,11,10,48,45,3,49
1996,"GER","TSV 1860 Munchen",34,13,11,10,56,56,0,49
2014,"GER","FC Augsburg",34,15,15,4,43,43,0,49
2000,"ESP","CD Alaves",38,14,17,7,58,59,-1,49
2012,"ITA","Parma FC",38,13,15,10,45,46,-1,49
2007,"GER","Hannover 96",34,13,11,10,54,56,-2,49
2014,"ITA","US Palermo",38,12,13,13,53,55,-2,49
2013,"ESP","Valencia CF",38,13,15,10,51,53,-2,49
1997,"ESP","Deportivo La Coruna",38,12,13,13,44,46,-2,49
1996,"ESP","Celta Vigo",42,12,17,13,51,54,-3,49
2011,"ESP","Athletic Bilbao",38,12,13,13,49,52,-3,49
2012,"ENG","West Bromwich Albion",38,14,17,7,53,57,-4,49
2014,"ESP","Espanyol Barcelona",38,13,15,10,47,51,-4,49
2006,"ITA","Sampdoria",38,13,15,10,44,48,-4,49
2013,"ESP","Celta Vigo",38,14,17,7,49,54,-5,49
2001,"ESP","Rayo Vallecano",38,13,15,10,46,52,-6,49
2006,"ESP","RCD Mallorca",38,14,17,7,41,47,-6,49
1998,"ENG","Leicester City",38,12,13,13,40,46,-6,49
1999,"GER","VfL Wolfsburg",34,12,9,13,51,58,-7,49
2000,"ENG","Tottenham Hotspur",38,13,15,10,47,54,-7,49
2006,"ESP","Espanyol Barcelona",38,12,13,13,46,53,-7,49
2005,"ITA","AS Livorno",38,12,13,13,37,44,-7,49
2014,"ITA","Sassuolo Calcio",38,12,13,13,49,57,-8,49
2007,"ENG","West Ham United",38,13,15,10,42,50,-8,49
2010,"ESP","Espanyol Barcelona",38,15,19,4,46,55,-9,49
2011,"ITA","Chievo Verona",38,12,13,13,35,45,-10,49
1998,"ESP","Real Betis",38,14,17,7,47,58,-11,49
2002,"ENG","Charlton Athletic",38,14,17,7,45,56,-11,49
2003,"GER","Hamburger SV",34,14,13,7,47,60,-13,49
2013,"ENG","Newcastle United",38,15,19,4,43,59,-16,49
2014,"ESP","Rayo Vallecano",38,15,19,4,46,68,-22,49
2006,"GER","1. FC Nurnberg",34,11,8,15,43,32,11,48
1997,"ITA","Bologna FC",34,12,10,12,55,46,9,48
1999,"ESP","Malaga CF",38,11,12,15,55,50,5,48
2005,"GER","Hertha BSC",34,12,10,12,52,48,4,48
2015,"ESP","Malaga CF",38,12,14,12,38,35,3,48
2014,"GER","FC Schalke 04",34,13,12,9,42,40,2,48
1996,"GER","Werder Bremen",34,14,14,6,53,52,1,48
2003,"ESP","CA Osasuna",38,11,12,15,38,37,1,48
2004,"GER","VfL Wolfsburg",34,15,16,3,49,51,-2,48
1997,"ITA","Sampdoria",34,13,12,9,52,55,-3,48
2015,"ESP","Real Sociedad",38,13,16,9,45,48,-3,48
1999,"GER","VfB Stuttgart",34,14,14,6,44,47,-3,48
2007,"ITA","Atalanta",38,12,14,12,52,56,-4,48
2014,"ENG","Crystal Palace",38,13,16,9,47,51,-4,48
2011,"GER","Hannover 96",34,12,10,12,41,45,-4,48
1997,"ENG","Southampton",38,14,18,6,50,55,-5,48
2011,"ITA","Calcio Catania",38,11,12,15,47,52,-5,48
1997,"ESP","Real Zaragoza",38,12,14,12,45,53,-8,48
2003,"ENG","Middlesbrough",38,13,16,9,44,52,-8,48
2004,"ITA","FC Messina",38,12,14,12,44,52,-8,48
2007,"ITA","Genoa CFC",38,13,16,9,44,52,-8,48
2002,"ENG","Birmingham City",38,13,16,9,41,49,-8,48
2013,"ESP","Levante UD",38,12,14,12,35,43,-8,48
2003,"ESP","Real Zaragoza",38,13,16,9,46,55,-9,48
2002,"ENG","Fulham",38,13,16,9,41,50,-9,48
1998,"ESP","Real Valladolid",38,13,16,9,35,44,-9,48
2005,"ENG","Fulham",38,14,18,6,48,58,-10,48
2007,"ESP","Espanyol Barcelona",38,13,16,9,43,53,-10,48
2010,"ENG","Aston Villa",38,12,14,12,48,59,-11,48
2012,"GER","Hamburger SV",34,14,14,6,42,53,-11,48
2000,"ENG","Leicester City",38,14,18,6,39,51,-12,48
2001,"ESP","Real Valladolid",38,13,16,9,45,58,-13,48
1996,"ESP","Real Oviedo",42,12,18,12,49,65,-16,48
2000,"GER","VfL Wolfsburg",34,12,11,11,60,45,15,47
1999,"GER","Werder Bremen",34,13,13,8,65,52,13,47
1996,"ITA","Vicenza Calcio",34,12,11,11,43,38,5,47
2015,"ENG","Everton",38,11,13,14,59,55,4,47
1999,"ESP","Espanyol Barcelona",38,12,15,11,51,48,3,47
2010,"GER","1. FC Nurnberg",34,13,13,8,47,45,2,47
2002,"ENG","Leeds United",38,14,19,5,58,57,1,47
2009,"ITA","ACF Fiorentina",38,13,17,8,48,47,1,47
2010,"ESP","CA Osasuna",38,13,17,8,45,46,-1,47
2003,"ENG","Southampton",38,12,15,11,44,45,-1,47
2014,"ENG","Everton",38,12,15,11,48,50,-2,47
1998,"ENG","Tottenham Hotspur",38,11,13,14,47,50,-3,47
2008,"ESP","Espanyol Barcelona",38,12,15,11,46,49,-3,47
2008,"ITA","Atalanta",38,13,17,8,45,48,-3,47
2014,"ENG","West Ham United",38,12,15,11,44,47,-3,47
2009,"ESP","Atletico Madrid",38,13,17,8,57,61,-4,47
2012,"GER","Bor. Monchengladbach",34,12,11,11,45,49,-4,47
2007,"ESP","Getafe CF",38,12,15,11,44,48,-4,47
2002,"ESP","Atletico Madrid",38,12,15,11,51,56,-5,47
2001,"ESP","Real Sociedad",38,13,17,8,48,54,-6,47
2011,"ESP","Real Sociedad",38,12,15,11,46,52,-6,47
2007,"ESP","Real Betis",38,12,15,11,45,51,-6,47
2009,"GER","1. FSV Mainz 05",34,12,11,11,36,42,-6,47
2004,"ENG","Aston Villa",38,12,15,11,45,52,-7,47
2011,"ENG","West Bromwich Albion",38,13,17,8,45,52,-7,47
2011,"ENG","Swansea City",38,12,15,11,44,51,-7,47
1999,"ESP","Real Sociedad",38,11,13,14,42,49,-7,47
2010,"ESP","Sporting Gijon",38,11,13,14,35,42,-7,47
1996,"ENG","Leicester City",38,12,15,11,46,54,-8,47
2002,"ESP","CA Osasuna",38,12,15,11,40,48,-8,47
2003,"ESP","Albacete",38,13,17,8,40,48,-8,47
2004,"ESP","Getafe CF",38,12,15,11,38,46,-8,47
2001,"ESP","Espanyol Barcelona",38,13,17,8,47,56,-9,47
2004,"ESP","Real Sociedad",38,13,17,8,47,56,-9,47
2011,"ESP","Real Betis",38,13,17,8,47,56,-9,47
2007,"ITA","US Palermo",38,12,15,11,47,57,-10,47
2015,"ENG","Swansea City",38,12,15,11,42,52,-10,47
2010,"ENG","Sunderland",38,12,15,11,45,56,-11,47
2011,"ESP","Getafe CF",38,12,15,11,40,51,-11,47
2012,"ITA","Cagliari Calcio",38,12,15,11,43,55,-12,47
2006,"ESP","Deportivo La Coruna",38,12,15,11,32,45,-13,47
2011,"ENG","Norwich City",38,12,15,11,52,66,-14,47
2012,"ESP","Getafe CF",38,13,17,8,43,57,-14,47
2005,"ENG","Charlton Athletic",38,13,17,8,41,55,-14,47
2009,"ESP","Deportivo La Coruna",38,13,17,8,35,49,-14,47
2009,"ENG","Stoke City",38,11,13,14,34,48,-14,47
2010,"ENG","West Bromwich Albion",38,12,15,11,56,71,-15,47
2001,"GER","VfL Wolfsburg",34,13,14,7,57,49,8,46
2000,"GER","1. FC Koln",34,12,12,10,59,52,7,46
2007,"ENG","Tottenham Hotspur",38,11,14,13,66,61,5,46
1998,"ITA","Inter",34,13,14,7,59,54,5,46
2014,"GER","Borussia Dortmund",34,13,14,7,47,42,5,46
2001,"ENG","Blackburn Rovers",38,12,16,10,55,51,4,46
1998,"ESP","Atletico Madrid",38,12,16,10,54,50,4,46
2005,"GER","Borussia Dortmund",34,11,10,13,45,42,3,46
1999,"ESP","Racing Santander",38,10,12,16,52,50,2,46
2006,"ESP","CA Osasuna",38,13,18,7,51,49,2,46
2008,"ESP","Racing Santander",38,12,16,10,49,48,1,46
2010,"ENG","Newcastle United",38,11,14,13,56,57,-1,46
1998,"ENG","Sheffield Wednesday",38,13,18,7,41,42,-1,46
2010,"ENG","Stoke City",38,13,18,7,46,48,-2,46
2008,"ITA","SSC Napoli",38,12,16,10,43,45,-2,46
2003,"ITA","Sampdoria",34,11,10,13,40,42,-2,46
2010,"ITA","Chievo Verona",38,11,14,13,38,40,-2,46
2008,"ITA","Sampdoria",38,11,14,13,49,52,-3,46
2010,"GER","1. FC Kaiserslautern",34,13,14,7,48,51,-3,46
2015,"ITA","Genoa CFC",38,13,18,7,45,48,-3,46
2002,"GER","VfL Wolfsburg",34,13,14,7,39,42,-3,46
2002,"ESP","Real Valladolid",38,12,16,10,37,40,-3,46
2010,"ENG","Bolton Wanderers",38,12,16,10,52,56,-4,46
2003,"ESP","Real Sociedad",38,11,14,13,49,53,-4,46
2007,"ITA","Lazio Roma",38,11,14,13,47,51,-4,46
2012,"ENG","Swansea City",38,11,14,13,47,51,-4,46
2009,"ITA","Lazio Roma",38,11,14,13,39,43,-4,46
2005,"ESP","Real Zaragoza",38,10,12,16,46,51,-5,46
2002,"ESP","Malaga CF",38,11,14,13,44,49,-5,46
2006,"ENG","Middlesbrough",38,12,16,10,44,49,-5,46
2006,"ITA","Udinese Calcio",38,12,16,10,49,55,-6,46
1998,"ENG","Newcastle United",38,11,14,13,48,54,-6,46
2011,"ITA","ACF Fiorentina",38,11,14,13,37,43,-6,46
2009,"GER","Eintracht Frankfurt",34,12,12,10,47,54,-7,46
1996,"ENG","Tottenham Hotspur",38,13,18,7,44,51,-7,46
2014,"ESP","Real Sociedad",38,11,14,13,44,51,-7,46
2007,"GER","Eintracht Frankfurt",34,12,12,10,43,50,-7,46
2009,"ENG","Fulham",38,12,16,10,39,46,-7,46
2012,"ENG","West Ham United",38,12,16,10,45,53,-8,46
2010,"ITA","Parma FC",38,11,14,13,39,47,-8,46
2001,"ITA","AC Perugia",34,13,14,7,38,46,-8,46
2015,"ITA","Empoli FC",38,12,16,10,40,49,-9,46
2011,"ESP","Espanyol Barcelona",38,12,16,10,46,56,-10,46
1996,"ENG","Leeds United",38,11,14,13,28,38,-10,46
2010,"ITA","Calcio Catania",38,12,16,10,40,52,-12,46
1996,"ENG","Derby County",38,11,14,13,45,58,-13,46
2010,"ESP","Malaga CF",38,13,18,7,54,68,-14,46
2010,"ESP","Racing Santander",38,12,16,10,41,56,-15,46
2014,"ITA","Hellas Verona",38,11,14,13,49,65,-16,46
2008,"ESP","UD Almeria",38,13,18,7,45,61,-16,46
2004,"ENG","Charlton Athletic",38,12,16,10,42,58,-16,46
2012,"ESP","Levante UD",38,12,16,10,40,57,-17,46
2004,"ESP","CA Osasuna",38,12,16,10,47,65,-18,46
2000,"ESP","UD Las Palmas",38,13,18,7,42,62,-20,46
2008,"GER","Werder Bremen",34,12,13,9,64,50,14,45
2006,"GER","Hamburger SV",34,10,9,15,43,37,6,45
1996,"ITA","ACF Fiorentina",34,10,9,15,46,41,5,45
1997,"ESP","UD Salamanca",38,12,17,9,46,46,0,45
2002,"GER","VfL Bochum",34,12,13,9,55,56,-1,45
2006,"GER","VfL Bochum",34,13,15,6,49,50,-1,45
2011,"ENG","Sunderland",38,11,15,12,45,46,-1,45
2009,"ITA","Calcio Catania",38,10,13,15,44,45,-1,45
2012,"GER","Hannover 96",34,13,15,6,60,62,-2,45
2015,"GER","VfL Wolfsburg",34,12,13,9,47,49,-2,45
2004,"GER","Hannover 96",34,13,15,6,34,36,-2,45
2004,"ITA","AS Roma",38,11,15,12,55,58,-3,45
2015,"ITA","Torino FC",38,12,17,9,52,55,-3,45
1996,"GER","MSV Duisburg",34,12,13,9,44,49,-5,45
2002,"ENG","Aston Villa",38,12,17,9,42,47,-5,45
2010,"GER","Hamburger SV",34,12,13,9,46,52,-6,45
2015,"ITA","Atalanta",38,11,15,12,41,47,-6,45
2004,"ENG","Birmingham City",38,11,15,12,40,46,-6,45
2005,"ESP","Athletic Bilbao",38,11,15,12,40,46,-6,45
2003,"ENG","Portsmouth",38,12,17,9,47,54,-7,45
2010,"ITA","Cagliari Calcio",38,12,17,9,44,51,-7,45
2013,"ESP","Malaga CF",38,12,17,9,39,46,-7,45
2001,"ENG","Southampton",38,12,17,9,46,54,-8,45
2002,"GER","TSV 1860 Munchen",34,12,13,9,44,52,-8,45
1997,"ESP","Racing Santander",38,12,17,9,46,55,-9,45
2002,"ESP","Villarreal CF",38,11,15,12,44,53,-9,45
2001,"ITA","Atalanta",34,12,13,9,41,50,-9,45
2005,"ENG","Middlesbrough",38,12,17,9,48,58,-10,45
2003,"ENG","Tottenham Hotspur",38,13,19,6,47,57,-10,45
2015,"ENG","Watford",38,12,17,9,40,50,-10,45
2004,"ITA","AS Livorno",38,11,15,12,49,60,-11,45
2010,"ESP","Levante UD",38,12,17,9,41,52,-11,45
2008,"ENG","Wigan Athletic",38,12,17,9,34,45,-11,45
1999,"ESP","CD Numancia",38,11,15,12,47,59,-12,45
2001,"ENG","Middlesbrough",38,12,17,9,35,47,-12,45
1997,"ESP","CD Tenerife",38,11,15,12,44,57,-13,45
2010,"ESP","Real Zaragoza",38,12,17,9,40,53,-13,45
2013,"ITA","Sampdoria",38,12,17,9,48,62,-14,45
2005,"ITA","Parma FC",38,12,17,9,46,60,-14,45
2007,"ESP","Real Valladolid",38,11,15,12,42,57,-15,45
2012,"ITA","Chievo Verona",38,12,17,9,37,52,-15,45
2013,"ENG","Crystal Palace",38,13,19,6,33,48,-15,45
2005,"ITA","Empoli FC",38,13,19,6,46,62,-16,45
1999,"ESP","Real Oviedo",38,11,15,12,44,60,-16,45
1998,"ESP","Real Oviedo",38,11,15,12,41,57,-16,45
2010,"ESP","Real Sociedad",38,14,21,3,49,66,-17,45
2008,"ENG","Stoke City",38,12,17,9,38,55,-17,45
2011,"ENG","Stoke City",38,11,15,12,36,53,-17,45
2010,"ITA","Bologna FC",38,11,15,12,35,52,-17,45
2015,"ESP","Real Betis",38,11,15,12,34,52,-18,45
1996,"ESP","Rayo Vallecano",42,13,23,6,43,62,-19,45
2012,"ESP","Athletic Bilbao",38,12,17,9,44,65,-21,45
2000,"ITA","Atalanta",34,10,10,14,38,34,4,44
2013,"GER","1899 Hoffenheim",34,11,12,11,72,70,2,44
2000,"ITA","Brescia Calcio",34,10,10,14,44,42,2,44
2003,"GER","Hansa Rostock",34,12,14,8,55,54,1,44
1996,"GER","1. FC Koln",34,13,16,5,62,62,0,44
2011,"ITA","AC Siena",38,11,16,11,45,45,0,44
1997,"GER","MSV Duisburg",34,11,12,11,43,44,-1,44
2003,"ITA","Chievo Verona",34,11,12,11,36,37,-1,44
2009,"ITA","Cagliari Calcio",38,11,16,11,56,58,-2,44
2005,"GER","1. FC Nurnberg",34,12,14,8,49,51,-2,44
2015,"ESP","Valencia CF",38,11,16,11,46,48,-2,44
1996,"ITA","Atalanta",34,11,12,11,44,46,-2,44
2006,"GER","Borussia Dortmund",34,12,14,8,41,43,-2,44
1999,"GER","SpVgg Unterhaching",34,12,14,8,40,42,-2,44
1998,"ITA","Bologna FC",34,11,12,11,44,47,-3,44
2001,"ITA","Parma AC",34,12,14,8,43,47,-4,44
2009,"ITA","Udinese Calcio",38,11,16,11,54,59,-5,44
2006,"GER","Hertha BSC",34,12,14,8,50,55,-5,44
2004,"ITA","Lazio Roma",38,11,16,11,48,53,-5,44
2007,"ITA","AC Siena",38,9,12,17,40,45,-5,44
2007,"GER","Hertha BSC",34,12,14,8,39,44,-5,44
2009,"ITA","Chievo Verona",38,12,18,8,37,42,-5,44
2014,"GER","1899 Hoffenheim",34,12,14,8,49,55,-6,44
2012,"ITA","Bologna FC",38,11,16,11,46,52,-6,44
1997,"ITA","AC Milan",34,11,12,11,37,43,-6,44
2004,"ITA","US Lecce",38,10,14,14,66,73,-7,44
1999,"ENG","Coventry City",38,12,18,8,47,54,-7,44
2004,"ENG","Fulham",38,12,18,8,52,60,-8,44
2003,"ENG","Blackburn Rovers",38,12,18,8,51,59,-8,44
2009,"ENG","Sunderland",38,11,16,11,48,56,-8,44
2015,"ESP","UD Las Palmas",38,12,18,8,45,53,-8,44
2012,"GER","1. FC Nurnberg",34,11,12,11,39,47,-8,44
1997,"GER","Hamburger SV",34,11,12,11,38,46,-8,44
2001,"ENG","Fulham",38,10,14,14,36,44,-8,44
2004,"ITA","Cagliari Calcio",38,10,14,14,51,60,-9,44
2012,"ESP","Espanyol Barcelona",38,11,16,11,43,52,-9,44
2006,"GER","Hannover 96",34,12,14,8,41,50,-9,44
2010,"GER","SC Freiburg",34,13,16,5,41,50,-9,44
2013,"ITA","Genoa CFC",38,11,16,11,41,50,-9,44
2004,"ITA","Reggina Calcio",38,10,14,14,36,45,-9,44
1997,"ENG","Newcastle United",38,11,16,11,35,44,-9,44
1997,"ESP","SD Compostela",38,11,16,11,56,66,-10,44
2002,"ESP","Racing Santander",38,13,20,5,54,64,-10,44
2004,"ENG","Newcastle United",38,10,14,14,47,57,-10,44
2002,"ENG","Bolton Wanderers",38,10,14,14,41,51,-10,44
2010,"ESP","Getafe CF",38,12,18,8,49,60,-11,44
2013,"ITA","Udinese Calcio",38,12,18,8,46,57,-11,44
2001,"ENG","Charlton Athletic",38,10,14,14,38,49,-11,44
2008,"ITA","AC Siena",38,12,18,8,33,44,-11,44
1997,"ENG","Tottenham Hotspur",38,11,16,11,44,56,-12,44
2000,"GER","TSV 1860 Munchen",34,12,14,8,43,55,-12,44
1997,"ENG","Wimbledon",38,10,14,14,34,46,-12,44
2011,"GER","VfL Wolfsburg",34,13,16,5,47,60,-13,44
2014,"ENG","West Bromwich Albion",38,11,16,11,38,51,-13,44
1997,"ENG","Sheffield Wednesday",38,12,18,8,52,67,-15,44
2008,"ESP","Athletic Bilbao",38,12,18,8,47,62,-15,44
2010,"GER","1. FC Koln",34,13,16,5,47,62,-15,44
2010,"ESP","RCD Mallorca",38,12,18,8,41,56,-15,44
1999,"ENG","Southampton",38,12,18,8,45,62,-17,44
2004,"ESP","Racing Santander",38,12,18,8,41,58,-17,44
2012,"ENG","Norwich City",38,10,14,14,41,58,-17,44
2009,"ESP","Espanyol Barcelona",38,11,16,11,29,46,-17,44
2007,"ESP","Recreativo Huelva",38,11,16,11,40,60,-20,44
1996,"ESP","CF Extremadura",42,11,20,11,35,64,-29,44
1997,"GER","Borussia Dortmund",34,11,13,10,57,55,2,43
2000,"ITA","ACF Fiorentina",34,10,11,13,53,52,1,43
2010,"GER","1899 Hoffenheim",34,11,13,10,50,50,0,43
1996,"GER","Bor. Monchengladbach",34,12,15,7,46,48,-2,43
1996,"ITA","AC Milan",34,11,13,10,43,45,-2,43
2001,"ITA","Torino FC",34,10,11,13,37,39,-2,43
2005,"GER","VfB Stuttgart",34,9,9,16,37,39,-2,43
2000,"ITA","Bologna FC",34,11,13,10,49,53,-4,43
2015,"GER","1. FC Koln",34,10,11,13,38,42,-4,43
2004,"GER","1. FSV Mainz 05",34,12,15,7,50,55,-5,43
2012,"GER","VfL Wolfsburg",34,10,11,13,47,52,-5,43
2005,"ENG","Manchester City",38,13,21,4,43,48,-5,43
1998,"ENG","Everton",38,11,17,10,42,47,-5,43
1999,"ITA","Hellas Verona",34,10,11,13,40,45,-5,43
1996,"GER","FC Schalke 04",34,11,13,10,35,40,-5,43
2014,"GER","Eintracht Frankfurt",34,11,13,10,56,62,-6,43
2002,"ESP","Espanyol Barcelona",38,10,15,13,48,54,-6,43
2008,"ESP","CA Osasuna",38,10,15,13,41,47,-6,43
2007,"ESP","CA Osasuna",38,12,19,7,37,44,-7,43
2012,"ITA","Sampdoria",38,11,17,10,43,51,-8,43
2012,"ESP","Real Valladolid",38,11,17,10,49,58,-9,43
2001,"ESP","Villarreal CF",38,11,17,10,46,55,-9,43
2006,"ENG","Newcastle United",38,11,17,10,38,47,-9,43
2009,"ESP","CA Osasuna",38,11,17,10,37,46,-9,43
2011,"ITA","Cagliari Calcio",38,10,15,13,37,46,-9,43
2011,"ITA","US Palermo",38,11,17,10,52,62,-10,43
2012,"ENG","Fulham",38,11,17,10,50,60,-10,43
2002,"GER","Hannover 96",34,12,15,7,47,57,-10,43
2005,"ITA","Ascoli Calcio",38,9,13,16,43,53,-10,43
2008,"ITA","Calcio Catania",38,12,19,7,41,51,-10,43
2004,"ITA","AC Siena",38,9,13,16,44,55,-11,43
2000,"ESP","Rayo Vallecano",38,10,15,13,56,68,-12,43
2015,"ESP","SD Eibar",38,11,17,10,49,61,-12,43
2008,"ESP","Real Valladolid",38,12,19,7,46,58,-12,43
2001,"ENG","Everton",38,11,17,10,45,57,-12,43
1997,"GER","Hertha BSC",34,12,15,7,41,53,-12,43
2001,"ESP","RCD Mallorca",38,11,17,10,40,52,-12,43
2010,"ITA","AC Cesena",38,11,17,10,38,50,-12,43
2010,"ENG","Blackburn Rovers",38,11,17,10,46,59,-13,43
2006,"ITA","AS Livorno",38,10,15,13,41,54,-13,43
2000,"GER","Hansa Rostock",34,12,15,7,34,47,-13,43
2014,"ITA","Chievo Verona",38,10,15,13,28,41,-13,43
2005,"ITA","Udinese Calcio",38,11,17,10,40,54,-14,43
2005,"ESP","RCD Mallorca",38,10,15,13,37,51,-14,43
2015,"ENG","West Bromwich Albion",38,10,15,13,34,48,-14,43
2014,"GER","Werder Bremen",34,11,13,10,50,65,-15,43
2003,"ESP","Racing Santander",38,11,17,10,48,63,-15,43
2007,"GER","Karlsruher SC",34,11,13,10,38,53,-15,43
2000,"ESP","Real Sociedad",38,11,17,10,52,68,-16,43
2003,"ESP","Espanyol Barcelona",38,13,21,4,48,64,-16,43
2000,"ESP","Athletic Bilbao",38,11,17,10,44,60,-16,43
2010,"ESP","Deportivo La Coruna",38,10,15,13,31,47,-16,43
2004,"ITA","Chievo Verona",38,11,17,10,32,49,-17,43
2012,"GER","VfB Stuttgart",34,12,15,7,37,55,-18,43
1996,"ESP","Sevilla FC",42,12,23,7,50,69,-19,43
2011,"ESP","Rayo Vallecano",38,13,21,4,53,73,-20,43
2007,"ENG","Newcastle United",38,11,17,10,45,65,-20,43
2011,"ENG","Wigan Athletic",38,11,17,10,42,62,-20,43
2011,"ESP","Real Zaragoza",38,12,19,7,36,61,-25,43
2008,"ESP","Sporting Gijon",38,14,23,1,47,79,-32,43
2013,"ESP","Rayo Vallecano",38,13,21,4,46,80,-34,43
2015,"ESP","Espanyol Barcelona",38,12,19,7,40,74,-34,43
2001,"ITA","Piacenza Calcio",34,11,14,9,49,43,6,42
2009,"GER","1899 Hoffenheim",34,11,14,9,44,42,2,42
2010,"GER","VfB Stuttgart",34,12,16,6,60,59,1,42
2013,"ENG","Swansea City",38,11,18,9,54,54,0,42
2000,"ENG","Middlesbrough",38,9,14,15,44,44,0,42
1996,"ENG","Blackburn Rovers",38,9,14,15,42,43,-1,42
2006,"GER","Arminia Bielefeld",34,11,14,9,47,49,-2,42
2002,"GER","Bor. Monchengladbach",34,11,14,9,43,45,-2,42
2012,"GER","1. FSV Mainz 05",34,10,12,12,42,44,-2,42
2002,"ITA","Brescia Calcio",34,9,10,15,36,38,-2,42
2000,"ESP","Real Zaragoza",38,9,14,15,54,57,-3,42
2004,"ITA","Bologna FC",38,9,14,15,33,36,-3,42
2000,"ITA","AC Perugia",34,10,12,12,49,53,-4,42
2003,"GER","VfL Wolfsburg",34,13,18,3,56,61,-5,42
2000,"ENG","West Ham United",38,10,16,12,45,50,-5,42
1998,"ITA","AS Bari",34,9,10,15,39,44,-5,42
2008,"ESP","Getafe CF",38,10,16,12,50,56,-6,42
2014,"ITA","Empoli FC",38,8,12,18,46,52,-6,42
2008,"ESP","Real Betis",38,10,16,12,51,58,-7,42
1998,"ITA","AC Venezia",34,11,14,9,38,45,-7,42
2000,"ESP","Real Valladolid",38,9,14,15,42,50,-8,42
2004,"ITA","ACF Fiorentina",38,9,14,15,42,50,-8,42
2005,"GER","Bor. Monchengladbach",34,10,12,12,42,50,-8,42
2002,"ITA","AC Perugia",34,10,12,12,40,48,-8,42
1996,"ENG","Middlesbrough",38,10,16,12,51,60,-9,42
2011,"GER","Werder Bremen",34,11,14,9,49,58,-9,42
2004,"GER","1. FC Kaiserslautern",34,12,16,6,43,52,-9,42
1996,"ENG","West Ham United",38,10,16,12,39,48,-9,42
2007,"ENG","Middlesbrough",38,10,16,12,43,53,-10,42
2013,"ESP","Espanyol Barcelona",38,11,18,9,41,51,-10,42
2007,"ESP","Real Zaragoza",38,10,16,12,50,61,-11,42
2000,"ESP","CA Osasuna",38,10,16,12,43,54,-11,42
2011,"GER","1. FC Nurnberg",34,12,16,6,38,49,-11,42
2012,"ENG","Stoke City",38,9,14,15,34,45,-11,42
2004,"ENG","Blackburn Rovers",38,9,14,15,32,43,-11,42
2009,"ESP","UD Almeria",38,10,16,12,43,55,-12,42
1998,"ESP","Racing Santander",38,10,16,12,41,53,-12,42
1998,"ENG","Coventry City",38,11,18,9,39,51,-12,42
2015,"ENG","Crystal Palace",38,11,18,9,39,51,-12,42
2015,"ITA","Bologna FC",38,11,18,9,33,45,-12,42
2013,"GER","Hannover 96",34,12,16,6,46,59,-13,42
1996,"ENG","Everton",38,10,16,12,44,57,-13,42
2005,"ENG","Aston Villa",38,10,16,12,42,55,-13,42
2009,"ITA","Bologna FC",38,10,16,12,42,55,-13,42
2001,"ESP","CA Osasuna",38,10,16,12,36,49,-13,42
2000,"ENG","Everton",38,11,18,9,45,59,-14,42
2006,"ITA","Parma FC",38,10,16,12,41,56,-15,42
2006,"ENG","Manchester City",38,11,18,9,29,44,-15,42
2015,"ESP","Deportivo La Coruna",38,8,12,18,45,61,-16,42
2007,"ITA","Cagliari Calcio",38,11,18,9,40,56,-16,42
2006,"ESP","Levante UD",38,10,16,12,37,53,-16,42
1999,"ITA","AC Perugia",34,12,16,6,36,52,-16,42
2004,"ITA","Parma FC",38,10,16,12,48,65,-17,42
2002,"ENG","West Ham United",38,10,16,12,42,59,-17,42
2012,"ITA","Atalanta",38,11,18,9,39,56,-17,42
2012,"ESP","Granada CF",38,11,18,9,37,54,-17,42
2005,"ESP","Real Betis",38,10,16,12,34,51,-17,42
2011,"ITA","Genoa CFC",38,11,18,9,50,69,-19,42
2013,"ESP","Getafe CF",38,11,18,9,35,54,-19,42
2010,"ENG","Wigan Athletic",38,9,14,15,40,61,-21,42
2011,"ESP","Granada CF",38,12,20,6,35,56,-21,42
2015,"ENG","AFC Bournemouth",38,11,18,9,45,67,-22,42
2000,"ENG","Derby County",38,10,16,12,37,59,-22,42
1998,"ENG","Wimbledon",38,10,16,12,40,63,-23,42
1999,"ESP","Real Betis",38,11,18,9,33,56,-23,42
2003,"ENG","Manchester City",38,9,15,14,55,54,1,41
2000,"GER","Hamburger SV",34,10,13,11,58,58,0,41
1998,"ITA","Cagliari Calcio",34,11,15,8,49,50,-1,41
1998,"ITA","Piacenza Calcio",34,11,15,8,48,49,-1,41
1996,"ITA","AS Roma",34,10,13,11,46,47,-1,41
1999,"GER","Eintracht Frankfurt",34,12,17,5,42,44,-2,41
2005,"ITA","Sampdoria",38,10,17,11,47,51,-4,41
1996,"ENG","Southampton",38,10,17,11,50,56,-6,41
2007,"GER","VfL Bochum",34,10,13,11,48,54,-6,41
2011,"GER","1899 Hoffenheim",34,10,13,11,41,47,-6,41
2015,"GER","Hamburger SV",34,11,15,8,40,46,-6,41
2002,"GER","Hansa Rostock",34,11,15,8,35,41,-6,41
1998,"GER","TSV 1860 Munchen",34,11,15,8,49,56,-7,41
1996,"ITA","SSC Napoli",34,9,11,14,38,45,-7,41
1997,"GER","VfL Bochum",34,11,15,8,41,49,-8,41
2013,"GER","Hertha BSC",34,11,15,8,40,48,-8,41
2002,"ITA","Bologna FC",34,10,13,11,39,47,-8,41
2014,"ENG","Leicester City",38,11,19,8,46,55,-9,41
2003,"ESP","Real Valladolid",38,10,17,11,46,56,-10,41
2006,"ITA","AC Siena",38,9,15,14,35,45,-10,41
2012,"ENG","Southampton",38,9,15,14,49,60,-11,41
1997,"GER","TSV 1860 Munchen",34,11,15,8,43,54,-11,41
2006,"GER","Energie Cottbus",34,11,15,8,38,49,-11,41
2008,"ENG","Bolton Wanderers",38,11,19,8,41,53,-12,41
2003,"ITA","US Lecce",34,11,15,8,43,56,-13,41
2014,"ITA","Udinese Calcio",38,10,17,11,43,56,-13,41
1998,"GER","FC Schalke 04",34,10,13,11,41,54,-13,41
2010,"GER","Werder Bremen",34,10,13,11,47,61,-14,41
1996,"GER","Hamburger SV",34,10,13,11,46,60,-14,41
2011,"ESP","Villarreal CF",38,9,15,14,39,53,-14,41
2000,"ESP","Real Oviedo",38,11,19,8,51,67,-16,41
1996,"ENG","Coventry City",38,9,15,14,38,54,-16,41
2004,"ITA","Brescia Calcio",38,11,19,8,37,54,-17,41
2009,"ESP","Real Zaragoza",38,10,17,11,46,64,-18,41
2008,"ENG","Portsmouth",38,10,17,11,38,57,-19,41
2010,"ITA","US Lecce",38,11,19,8,46,66,-20,41
2008,"ENG","Blackburn Rovers",38,10,17,11,40,60,-20,41
2005,"ESP","Espanyol Barcelona",38,10,17,11,36,56,-20,41
2012,"ENG","Aston Villa",38,10,17,11,47,69,-22,41
2006,"ITA","Calcio Catania",38,10,17,11,46,68,-22,41
2012,"ENG","Newcastle United",38,11,19,8,45,68,-23,41
2006,"ENG","West Ham United",38,12,21,5,35,59,-24,41
2013,"ESP","Granada CF",38,12,21,5,32,56,-24,41
2005,"ITA","Reggina Calcio",38,11,19,8,39,65,-26,41
1998,"ENG","Southampton",38,11,19,8,37,64,-27,41
2014,"ESP","Elche CF",38,11,19,8,35,62,-27,41
1996,"ESP","Hercules CF",42,12,25,5,40,77,-37,41
1999,"GER","Borussia Dortmund",34,9,12,13,41,38,3,40
2014,"GER","1. FSV Mainz 05",34,9,12,13,45,47,-2,40
2002,"GER","1. FC Kaiserslautern",34,10,14,10,40,42,-2,40
2003,"ITA","Brescia Calcio",34,9,12,13,52,57,-5,40
1999,"GER","SC Freiburg",34,10,14,10,45,50,-5,40
2001,"GER","Hamburger SV",34,10,14,10,51,57,-6,40
2010,"GER","FC Schalke 04",34,11,16,7,38,44,-6,40
2014,"GER","1. FC Koln",34,9,12,13,34,40,-6,40
1999,"ITA","Bologna FC",34,9,12,13,32,39,-7,40
1996,"GER","Arminia Bielefeld",34,11,16,7,46,54,-8,40
2002,"GER","Bayer Leverkusen",34,11,16,7,47,56,-9,40
2012,"ITA","Torino FC",38,8,14,16,46,55,-9,40
2001,"ITA","Brescia Calcio",34,9,12,13,43,52,-9,40
2015,"GER","FC Ingolstadt 04",34,10,14,10,33,42,-9,40
2001,"ESP","UD Las Palmas",38,9,16,13,40,50,-10,40
2001,"ITA","Udinese Calcio",34,11,16,7,41,52,-11,40
2013,"ENG","West Ham United",38,11,20,7,40,51,-11,40
1996,"GER","Hansa Rostock",34,11,16,7,35,46,-11,40
2006,"ITA","Cagliari Calcio",38,9,16,13,35,46,-11,40
1999,"ITA","Reggina Calcio",34,9,12,13,31,42,-11,40
2007,"GER","Borussia Dortmund",34,10,14,10,50,62,-12,40
2006,"GER","Eintracht Frankfurt",34,9,12,13,46,58,-12,40
2004,"GER","Arminia Bielefeld",34,11,16,7,37,49,-12,40
2015,"ITA","Sampdoria",38,10,18,10,48,61,-13,40
2005,"ESP","Racing Santander",38,9,16,13,36,49,-13,40
2006,"ESP","Real Betis",38,8,14,16,36,49,-13,40
2007,"ITA","Torino FC",38,8,14,16,36,49,-13,40
1997,"ENG","Everton",38,9,16,13,41,56,-15,40
1997,"ESP","Real Oviedo",38,9,16,13,36,51,-15,40
2009,"ESP","Sporting Gijon",38,9,16,13,36,51,-15,40
2011,"GER","SC Freiburg",34,10,14,10,45,61,-16,40
1999,"ITA","US Lecce",34,10,14,10,33,49,-16,40
2005,"ESP","Real Sociedad",38,11,20,7,48,65,-17,40
2007,"ENG","Wigan Athletic",38,10,18,10,34,51,-17,40
2001,"ENG","Bolton Wanderers",38,9,16,13,44,62,-18,40
2006,"ESP","Athletic Bilbao",38,10,18,10,44,62,-18,40
1996,"ENG","Sunderland",38,10,18,10,35,53,-18,40
2007,"ITA","Reggina Calcio",38,9,16,13,37,56,-19,40
2008,"GER","Hannover 96",34,10,14,10,49,69,-20,40
2010,"ENG","Wolverhampton Wanderers",38,11,20,7,46,66,-20,40
1997,"ENG","Bolton Wanderers",38,9,16,13,41,61,-20,40
2013,"ESP","Elche CF",38,9,16,13,30,50,-20,40
2006,"ITA","Torino FC",38,10,18,10,27,47,-20,40
2001,"ENG","Sunderland",38,10,18,10,29,51,-22,40
1998,"ESP","CD Alaves",38,11,20,7,36,63,-27,40
2013,"ESP","UD Almeria",38,11,20,7,43,71,-28,40
1999,"GER","FC Schalke 04",34,8,11,15,42,44,-2,39
2011,"GER","1. FSV Mainz 05",34,9,13,12,47,51,-4,39
1998,"GER","VfB Stuttgart",34,9,13,12,41,48,-7,39
2003,"ITA","Bologna FC",34,10,15,9,45,53,-8,39
1998,"GER","SC Freiburg",34,10,15,9,36,44,-8,39
2003,"GER","Bor. Monchengladbach",34,10,15,9,40,49,-9,39
2006,"ITA","Chievo Verona",38,9,17,12,38,48,-10,39
2003,"ENG","Everton",38,9,17,12,45,57,-12,39
2001,"GER","Bor. Monchengladbach",34,9,13,12,41,53,-12,39
2001,"ITA","Hellas Verona",34,11,17,6,41,53,-12,39
2005,"ITA","Cagliari Calcio",38,8,15,15,42,55,-13,39
2012,"ENG","Sunderland",38,9,17,12,41,54,-13,39
2000,"ESP","Racing Santander",38,10,19,9,48,62,-14,39
2015,"ENG","Sunderland",38,9,17,12,48,62,-14,39
2000,"GER","Energie Cottbus",34,12,19,3,38,52,-14,39
1999,"ITA","AS Bari",34,10,15,9,34,48,-14,39
2008,"GER","1. FC Koln",34,11,17,6,35,50,-15,39
2004,"ENG","Portsmouth",38,10,19,9,43,59,-16,39
1997,"GER","VfL Wolfsburg",34,11,17,6,38,54,-16,39
2009,"GER","Bor. Monchengladbach",34,10,15,9,43,60,-17,39
2003,"GER","Hertha BSC",34,9,13,12,42,59,-17,39
2009,"ESP","Racing Santander",38,9,17,12,42,59,-17,39
2012,"ESP","CA Osasuna",38,10,19,9,33,50,-17,39
1998,"ITA","AC Perugia",34,11,17,6,43,61,-18,39
2005,"ITA","AC Siena",38,9,17,12,42,60,-18,39
2006,"ESP","Celta Vigo",38,10,19,9,40,59,-19,39
2005,"ESP","CD Alaves",38,9,17,12,35,54,-19,39
2013,"ITA","Cagliari Calcio",38,9,17,12,34,53,-19,39
2003,"ESP","Celta Vigo",38,9,17,12,48,68,-20,39
1997,"ESP","CP Merida",38,9,17,12,33,53,-20,39
2004,"ESP","RCD Mallorca",38,10,19,9,42,63,-21,39
2010,"ENG","Birmingham City",38,8,15,15,37,58,-21,39
2015,"ESP","Sporting Gijon",38,10,19,9,40,62,-22,39
2006,"ENG","Fulham",38,8,15,15,38,60,-22,39
2010,"ENG","Blackpool",38,10,19,9,55,78,-23,39
2015,"ESP","Granada CF",38,10,19,9,46,69,-23,39
2014,"ENG","Newcastle United",38,10,19,9,40,63,-23,39
2003,"GER","1. FC Kaiserslautern",34,11,17,6,39,62,-23,39
2007,"ENG","Sunderland",38,11,21,6,36,59,-23,39
2013,"GER","Werder Bremen",34,10,15,9,42,66,-24,39
2000,"ESP","CD Numancia",38,10,19,9,40,64,-24,39
2009,"ENG","Bolton Wanderers",38,10,19,9,42,67,-25,39
2015,"ITA","Udinese Calcio",38,10,19,9,35,60,-25,39
1998,"ESP","CF Extremadura",38,9,17,12,27,53,-26,39
2015,"ITA","US Palermo",38,10,19,9,38,65,-27,39
2013,"ESP","CA Osasuna",38,10,19,9,32,62,-30,39
2005,"GER","1. FSV Mainz 05",34,9,14,11,46,47,-1,38
2005,"GER","Hannover 96",34,7,10,17,43,47,-4,38
1997,"GER","Bor. Monchengladbach",34,9,14,11,54,59,-5,38
2010,"GER","VfL Wolfsburg",34,9,14,11,43,48,-5,38
1998,"GER","Werder Bremen",34,10,16,8,41,47,-6,38
2000,"GER","VfB Stuttgart",34,9,14,11,42,49,-7,38
2004,"GER","1. FC Nurnberg",34,10,16,8,55,63,-8,38
1998,"GER","Hansa Rostock",34,9,14,11,49,58,-9,38
2009,"GER","1. FC Koln",34,9,14,11,33,42,-9,38
2000,"ITA","Udinese Calcio",34,11,18,5,49,59,-10,38
2015,"GER","FC Augsburg",34,9,14,11,42,52,-10,38
2002,"ITA","Empoli FC",34,9,14,11,36,46,-10,38
1997,"GER","Karlsruher SC",34,9,14,11,48,60,-12,38
2002,"ITA","Atalanta",34,8,12,14,35,47,-12,38
1999,"ENG","Derby County",38,9,18,11,44,57,-13,38
2011,"GER","FC Augsburg",34,8,12,14,36,49,-13,38
2012,"ITA","Genoa CFC",38,8,16,14,38,52,-14,38
1998,"ITA","Salernitana Sport",34,10,16,8,37,51,-14,38
2008,"ITA","Chievo Verona",38,8,16,14,35,49,-14,38
2015,"GER","Werder Bremen",34,10,16,8,50,65,-15,38
2002,"ITA","Reggina Calcio",34,10,16,8,38,53,-15,38
2015,"GER","SV Darmstadt 98",34,9,14,11,38,53,-15,38
1997,"ITA","AS Bari",34,10,16,8,30,45,-15,38
1999,"ESP","Atletico Madrid",38,9,18,11,48,64,-16,38
1999,"GER","Hansa Rostock",34,8,12,14,44,60,-16,38
2011,"ENG","Aston Villa",38,7,14,17,37,53,-16,38
2002,"ITA","Modena FC",34,9,14,11,30,48,-18,38
2013,"ENG","Sunderland",38,10,20,8,41,60,-19,38
2015,"ITA","Carpi FC",38,9,18,11,37,57,-20,38
2015,"ESP","Rayo Vallecano",38,9,18,11,52,73,-21,38
2013,"ENG","Aston Villa",38,10,20,8,39,61,-22,38
2006,"ENG","Wigan Athletic",38,10,20,8,37,59,-22,38
2014,"ENG","Sunderland",38,7,14,17,31,53,-22,38
2006,"ENG","Sheffield United",38,10,20,8,32,55,-23,38
2009,"ENG","Wolverhampton Wanderers",38,9,18,11,32,56,-24,38
2003,"GER","SC Freiburg",34,10,16,8,42,67,-25,38
2005,"ENG","Portsmouth",38,10,20,8,37,62,-25,38
2001,"ESP","CD Tenerife",38,10,20,8,32,58,-26,38
2014,"ENG","Aston Villa",38,10,20,8,31,57,-26,38
2009,"ESP","Malaga CF",38,7,15,16,42,48,-6,37
1997,"ITA","Empoli FC",34,10,17,7,50,58,-8,37
2006,"GER","VfL Wolfsburg",34,8,13,13,37,45,-8,37
1997,"ITA","Piacenza Calcio",34,7,11,16,29,38,-9,37
1996,"ITA","Cagliari Calcio",34,9,15,10,45,55,-10,37
1998,"GER","Eintracht Frankfurt",34,9,15,10,44,54,-10,37
1998,"GER","1. FC Nurnberg",34,7,11,16,40,50,-10,37
2007,"ITA","Calcio Catania",38,8,17,13,33,45,-12,37
2003,"GER","Hannover 96",34,9,15,10,49,63,-14,37
1996,"ITA","AC Perugia",34,10,17,7,48,62,-14,37
2000,"ITA","US Lecce",34,8,13,13,40,54,-14,37
2015,"GER","1899 Hoffenheim",34,9,15,10,39,54,-15,37
2013,"ENG","Hull City",38,10,21,7,38,53,-15,37
2012,"ESP","Celta Vigo",38,10,21,7,37,52,-15,37
2005,"GER","Arminia Bielefeld",34,10,17,7,32,47,-15,37
2014,"GER","Hannover 96",34,9,15,10,40,56,-16,37
1996,"ITA","Piacenza Calcio",34,7,11,16,29,45,-16,37
1998,"ITA","Sampdoria",34,9,15,10,38,55,-17,37
2000,"ITA","Reggina Calcio",34,10,17,7,32,49,-17,37
2007,"ENG","Bolton Wanderers",38,9,19,10,36,54,-18,37
2008,"ITA","Bologna FC",38,9,19,10,43,62,-19,37
2000,"ITA","Hellas Verona",34,10,17,7,40,59,-19,37
2004,"ESP","Levante UD",38,9,19,10,39,58,-19,37
2014,"ITA","Atalanta",38,7,15,16,38,57,-19,37
2001,"ESP","Real Zaragoza",38,9,19,10,35,54,-19,37
2015,"ENG","Newcastle United",38,9,19,10,44,65,-21,37
2011,"ENG","Queens Park Rangers",38,10,21,7,43,66,-23,37
2011,"ESP","Sporting Gijon",38,10,21,7,42,69,-27,37
2014,"ESP","Getafe CF",38,10,21,7,33,64,-31,37
2014,"ESP","Levante UD",38,9,19,10,34,67,-33,37
2005,"GER","Eintracht Frankfurt",34,9,16,9,42,51,-9,36
2002,"GER","Arminia Bielefeld",34,8,14,12,35,46,-11,36
1999,"ITA","Torino FC",34,8,14,12,35,47,-12,36
2000,"ITA","Vicenza Calcio",34,9,16,9,37,51,-14,36
1997,"GER","1. FC Koln",34,10,18,6,49,64,-15,36
1998,"ENG","Charlton Athletic",38,8,18,12,41,56,-15,36
1998,"ESP","Villarreal CF",38,8,18,12,47,63,-16,36
2013,"ENG","West Bromwich Albion",38,7,16,15,43,59,-16,36
2011,"ITA","US Lecce",38,8,18,12,40,56,-16,36
2005,"ESP","Cadiz CF",38,8,18,12,36,52,-16,36
2000,"ITA","SSC Napoli",34,8,14,12,35,51,-16,36
2004,"GER","Bor. Monchengladbach",34,8,14,12,35,51,-16,36
2010,"ITA","Sampdoria",38,8,18,12,33,49,-16,36
2010,"GER","Bor. Monchengladbach",34,10,18,6,48,65,-17,36
2013,"GER","Eintracht Frankfurt",34,9,16,9,40,57,-17,36
2013,"GER","SC Freiburg",34,9,16,9,43,61,-18,36
2014,"GER","VfB Stuttgart",34,9,16,9,42,60,-18,36
2015,"GER","Eintracht Frankfurt",34,9,16,9,34,52,-18,36
2008,"ENG","Sunderland",38,9,20,9,34,54,-20,36
2013,"ITA","Chievo Verona",38,10,22,6,34,54,-20,36
2012,"ITA","AC Siena",38,9,20,9,36,57,-21,36
2007,"GER","Energie Cottbus",34,9,16,9,35,56,-21,36
2007,"ENG","Fulham",38,8,18,12,38,60,-22,36
2013,"ESP","Real Valladolid",38,7,16,15,38,60,-22,36
2011,"GER","Hamburger SV",34,8,14,12,35,57,-22,36
2001,"ENG","Ipswich Town",38,9,20,9,41,64,-23,36
2007,"ITA","Empoli FC",38,9,20,9,29,52,-23,36
2007,"ENG","Reading",38,10,22,6,41,66,-25,36
2009,"ESP","Real Valladolid",38,7,16,15,37,62,-25,36
1997,"ITA","Vicenza Calcio",34,9,16,9,36,61,-25,36
2012,"ENG","Wigan Athletic",38,9,20,9,47,73,-26,36
2002,"ESP","Recreativo Huelva",38,8,18,12,35,61,-26,36
2012,"ESP","RCD Mallorca",38,9,20,9,43,72,-29,36
1999,"ENG","Bradford City",38,9,20,9,38,68,-30,36
2015,"ESP","Getafe CF",38,9,20,9,37,67,-30,36
2011,"ENG","Bolton Wanderers",38,10,22,6,46,77,-31,36
2009,"ESP","CD Tenerife",38,9,20,9,40,74,-34,36
2009,"ENG","Wigan Athletic",38,9,20,9,37,79,-42,36
2004,"ITA","Atalanta",38,8,19,11,34,45,-11,35
1998,"ENG","Blackburn Rovers",38,7,17,14,38,52,-14,35
2006,"ESP","Real Sociedad",38,8,19,11,32,47,-15,35
2007,"ENG","Birmingham City",38,8,19,11,46,62,-16,35
2009,"ITA","Atalanta",38,9,21,8,37,53,-16,35
2014,"GER","Hertha BSC",34,9,17,8,36,52,-16,35
1997,"ITA","Brescia Calcio",34,9,17,8,45,63,-18,35
2014,"ENG","Hull City",38,8,19,11,33,51,-18,35
2009,"ENG","West Ham United",38,8,19,11,47,66,-19,35
2004,"GER","VfL Bochum",34,9,17,8,47,68,-21,35
2014,"ESP","SD Eibar",38,9,21,8,34,55,-21,35
2012,"ESP","Deportivo La Coruna",38,8,19,11,47,70,-23,35
2001,"GER","Energie Cottbus",34,9,17,8,36,60,-24,35
2010,"ESP","Hercules CF",38,9,21,8,36,60,-24,35
2000,"GER","SpVgg Unterhaching",34,8,15,11,35,59,-24,35
2009,"GER","SC Freiburg",34,9,17,8,35,59,-24,35
2008,"ENG","Hull City",38,8,19,11,39,64,-25,35
2014,"ESP","Deportivo La Coruna",38,7,17,14,35,60,-25,35
2014,"GER","Hamburger SV",34,9,17,8,25,50,-25,35
1999,"GER","SSV Ulm 1846",34,9,17,8,36,62,-26,35
2000,"GER","Eintracht Frankfurt",34,10,19,5,41,68,-27,35
2002,"ESP","CD Alaves",38,8,19,11,38,68,-30,35
2008,"ESP","CD Numancia",38,10,23,5,38,69,-31,35
2014,"ESP","Granada CF",38,7,17,14,29,64,-35,35
1997,"ENG","Barnsley",38,10,23,5,37,82,-45,35
2014,"GER","SC Freiburg",34,7,14,13,36,47,-11,34
2003,"ITA","AC Siena",34,8,16,10,41,54,-13,34
2012,"GER","Werder Bremen",34,8,16,10,50,66,-16,34
2003,"ITA","Reggina Calcio",34,6,12,16,29,45,-16,34
2010,"GER","Eintracht Frankfurt",34,9,18,7,31,49,-18,34
2008,"ENG","Newcastle United",38,7,18,13,40,59,-19,34
2001,"GER","Hansa Rostock",34,9,18,7,35,54,-19,34
2014,"ITA","Cagliari Calcio",38,8,20,10,48,68,-20,34
2007,"ITA","Parma FC",38,7,18,13,42,62,-20,34
1998,"ESP","CD Tenerife",38,7,18,13,41,63,-22,34
2005,"GER","VfL Wolfsburg",34,7,14,13,33,55,-22,34
2005,"ENG","Birmingham City",38,8,20,10,28,50,-22,34
2001,"GER","1. FC Nurnberg",34,10,20,4,34,57,-23,34
2006,"GER","1. FSV Mainz 05",34,8,16,10,34,57,-23,34
2006,"GER","Alemannia Aachen",34,9,18,7,46,70,-24,34
2000,"ENG","Manchester City",38,8,20,10,41,65,-24,34
2008,"ITA","Torino FC",38,8,20,10,37,61,-24,34
2012,"ESP","Real Zaragoza",38,9,22,7,37,62,-25,34
2004,"ENG","West Bromwich Albion",38,6,16,16,36,61,-25,34
2007,"GER","Arminia Bielefeld",34,8,16,10,35,60,-25,34
2006,"ENG","Charlton Athletic",38,8,20,10,34,60,-26,34
2000,"ENG","Coventry City",38,8,20,10,36,63,-27,34
2015,"ENG","Norwich City",38,9,22,7,39,67,-28,34
2009,"ESP","Xerez CD",38,8,20,10,38,66,-28,34
1996,"ENG","Nottingham Forest",38,6,16,16,31,59,-28,34
2013,"ITA","Sassuolo Calcio",38,9,22,7,43,72,-29,34
2003,"ENG","Leicester City",38,6,17,15,48,65,-17,33
2012,"GER","FC Augsburg",34,8,17,9,33,51,-18,33
1998,"ITA","Vicenza Calcio",34,8,17,9,27,47,-20,33
2004,"ENG","Crystal Palace",38,7,19,12,41,62,-21,33
2008,"GER","Eintracht Frankfurt",34,8,17,9,39,60,-21,33
2008,"ESP","Recreativo Huelva",38,8,21,9,34,57,-23,33
2005,"GER","1. FC Kaiserslautern",34,8,17,9,47,71,-24,33
2009,"GER","Hannover 96",34,9,19,6,43,67,-24,33
2015,"GER","VfB Stuttgart",34,9,19,6,50,75,-25,33
2014,"ENG","Burnley",38,7,19,12,28,53,-25,33
2010,"ENG","West Ham United",38,7,19,12,43,70,-27,33
1999,"ENG","Wimbledon",38,7,19,12,46,74,-28,33
1996,"GER","Fortuna Dusseldorf",34,9,19,6,26,57,-31,33
1997,"ENG","Crystal Palace",38,8,21,9,37,71,-34,33
2013,"ENG","Norwich City",38,8,21,9,28,62,-34,33
2004,"ENG","Norwich City",38,7,19,12,42,77,-35,33
2003,"ENG","Leeds United",38,8,21,9,40,79,-39,33
2003,"ENG","Wolverhampton Wanderers",38,7,19,12,38,77,-39,33
1996,"ESP","CD Logrones",42,9,27,6,33,85,-52,33
2003,"ITA","AC Perugia",34,6,14,14,44,56,-12,32
2013,"GER","VfB Stuttgart",34,8,18,8,49,62,-13,32
1997,"GER","Arminia Bielefeld",34,8,18,8,43,56,-13,32
2008,"GER","VfL Bochum",34,7,16,11,39,55,-16,32
2003,"GER","Eintracht Frankfurt",34,9,20,5,36,53,-17,32
2010,"ITA","Brescia Calcio",38,7,20,11,34,52,-18,32
2012,"ITA","US Palermo",38,6,18,14,34,54,-20,32
2004,"ENG","Southampton",38,6,18,14,45,66,-21,32
2003,"GER","TSV 1860 Munchen",34,8,18,8,32,55,-23,32
1997,"ITA","Atalanta",34,7,16,11,25,48,-23,32
2014,"ESP","UD Almeria",38,8,22,8,35,64,-29,32
2008,"ENG","Middlesbrough",38,7,20,11,28,57,-29,32
2011,"ITA","Novara Calcio",38,7,20,11,35,65,-30,32
2008,"ENG","West Bromwich Albion",38,8,22,8,36,67,-31,32
2002,"ESP","Rayo Vallecano",38,7,20,11,31,62,-31,32
2013,"ITA","Calcio Catania",38,8,22,8,34,66,-32,32
2015,"ESP","Levante UD",38,8,22,8,37,70,-33,32
2013,"ENG","Fulham",38,9,24,5,40,85,-45,32
2007,"GER","1. FC Nurnberg",34,7,17,10,35,51,-16,31
2008,"GER","Bor. Monchengladbach",34,8,19,7,39,62,-23,31
2005,"ITA","FC Messina",38,6,19,13,34,58,-24,31
2012,"GER","1899 Hoffenheim",34,8,19,7,42,67,-25,31
2011,"GER","Hertha BSC",34,7,17,10,38,64,-26,31
2009,"GER","1. FC Nurnberg",34,8,19,7,32,58,-26,31
2009,"ITA","AC Siena",38,7,21,10,40,67,-27,31
2011,"ENG","Blackburn Rovers",38,8,23,7,48,78,-30,31
1999,"ENG","Sheffield Wednesday",38,8,23,7,38,70,-32,31
2008,"ITA","Reggina Calcio",38,6,19,13,30,62,-32,31
2014,"GER","SC Paderborn 07",34,7,17,10,31,65,-34,31
2015,"ITA","Frosinone Calcio",38,8,23,7,35,76,-41,31
2002,"ITA","Piacenza Calcio",34,8,20,6,44,62,-18,30
2012,"GER","Fortuna Dusseldorf",34,7,18,9,39,57,-18,30
2003,"ITA","Modena FC",34,6,16,12,27,46,-19,30
1999,"GER","Arminia Bielefeld",34,7,18,9,40,61,-21,30
2005,"GER","1. FC Koln",34,7,18,9,49,71,-22,30
2007,"GER","Hansa Rostock",34,8,20,6,30,52,-22,30
2007,"ITA","AS Livorno",38,6,20,12,35,60,-25,30
2001,"GER","SC Freiburg",34,7,18,9,37,64,-27,30
2002,"GER","1. FC Nurnberg",34,8,20,6,33,60,-27,30
2005,"ENG","West Bromwich Albion",38,7,22,9,31,58,-27,30
2008,"GER","Energie Cottbus",34,8,20,6,30,57,-27,30
2003,"ITA","Empoli FC",34,7,18,9,26,54,-28,30
2007,"ESP","Real Murcia",38,7,22,9,36,65,-29,30
2008,"ITA","US Lecce",38,5,18,15,37,67,-30,30
2002,"GER","Energie Cottbus",34,7,18,9,34,64,-30,30
2001,"ENG","Derby County",38,8,24,6,33,63,-30,30
2014,"ENG","Queens Park Rangers",38,8,24,6,42,73,-31,30
2010,"ESP","UD Almeria",38,6,20,12,36,70,-34,30
1998,"ENG","Nottingham Forest",38,7,22,9,35,69,-34,30
2004,"GER","Hansa Rostock",34,7,18,9,31,65,-34,30
2011,"GER","1. FC Koln",34,8,20,6,39,75,-36,30
2009,"ENG","Burnley",38,8,24,6,42,82,-40,30
2009,"ENG","Hull City",38,6,20,12,34,75,-41,30
2013,"ENG","Cardiff City",38,7,22,9,32,74,-42,30
2007,"GER","MSV Duisburg",34,8,21,5,36,55,-19,29
1996,"GER","SC Freiburg",34,8,21,5,43,67,-24,29
2008,"GER","Karlsruher SC",34,8,21,5,30,54,-24,29
1998,"GER","VfL Bochum",34,7,19,8,40,65,-25,29
2005,"ITA","US Lecce",38,7,23,8,30,57,-27,29
2013,"ITA","Bologna FC",38,5,19,14,28,58,-30,29
2004,"ESP","CD Numancia",38,6,21,11,30,61,-31,29
2010,"GER","FC St. Pauli",34,8,21,5,35,68,-33,29
2009,"ITA","AS Livorno",38,7,23,8,27,61,-34,29
2001,"GER","1. FC Koln",34,7,19,8,26,61,-35,29
2001,"ITA","US Lecce",34,6,18,10,36,56,-20,28
2004,"ESP","Albacete",38,6,22,10,33,57,-24,28
1999,"ESP","Sevilla FC",38,5,20,13,42,67,-25,28
2008,"GER","Arminia Bielefeld",34,4,14,16,29,56,-27,28
2015,"ITA","Hellas Verona",38,5,20,13,34,63,-29,28
2012,"ENG","Reading",38,6,22,10,43,73,-30,28
2006,"ENG","Watford",38,5,20,13,29,59,-30,28
2009,"GER","VfL Bochum",34,6,18,10,33,64,-31,28
2009,"ENG","Portsmouth",38,7,24,7,34,66,-32,28
2001,"ENG","Leicester City",38,5,20,13,30,64,-34,28
2006,"ESP","Gimnastic",38,7,24,7,34,69,-35,28
2013,"GER","Hamburger SV",34,7,21,6,51,75,-24,27
1996,"ITA","Hellas Verona",34,6,19,9,38,64,-26,27
2005,"GER","MSV Duisburg",34,5,17,12,34,63,-29,27
2006,"ITA","Ascoli Calcio",38,5,21,12,36,67,-31,27
2011,"ESP","Racing Santander",38,4,19,15,28,63,-35,27
1996,"GER","FC St. Pauli",34,7,21,6,32,69,-37,27
2000,"GER","VfL Bochum",34,7,21,6,30,67,-37,27
1998,"ESP","UD Salamanca",38,7,25,6,29,66,-37,27
2006,"GER","Bor. Monchengladbach",34,6,20,8,23,44,-21,26
2003,"ESP","Real Murcia",38,5,22,11,29,57,-28,26
1999,"ITA","AC Venezia",34,6,20,8,30,60,-30,26
2006,"ITA","FC Messina",38,5,22,11,37,69,-32,26
2013,"GER","1. FC Nurnberg",34,5,18,11,37,70,-33,26
2002,"ENG","West Bromwich Albion",38,6,24,8,29,65,-36,26
1997,"ITA","US Lecce",34,6,20,8,32,72,-40,26
2000,"ENG","Bradford City",38,5,22,11,30,70,-40,26
2007,"ESP","Levante UD",38,7,26,5,33,75,-42,26
2014,"ITA","Parma FC",38,6,24,8,33,75,-42,26
2012,"ENG","Queens Park Rangers",38,4,21,13,30,60,-30,25
2015,"GER","Hannover 96",34,7,23,4,31,62,-31,25
2013,"GER","Eintracht Braunschweig",34,6,21,7,29,60,-31,25
2013,"ITA","AS Livorno",38,6,25,7,39,77,-38,25
2011,"ENG","Wolverhampton Wanderers",38,5,23,10,40,82,-42,25
2013,"ESP","Real Betis",38,6,25,7,36,78,-42,25
2009,"GER","Hertha BSC",34,5,20,9,34,56,-22,24
2002,"ITA","Como Calcio",34,4,18,12,29,57,-28,24
2010,"ITA","AS Bari",38,5,24,9,27,56,-29,24
2005,"ESP","Malaga CF",38,5,24,9,36,68,-32,24
2014,"ITA","AC Cesena",38,4,22,12,36,73,-37,24
1999,"ENG","Watford",38,6,26,6,35,77,-42,24
2003,"GER","1. FC Koln",34,6,23,5,32,57,-25,23
2011,"GER","1. FC Kaiserslautern",34,4,19,11,24,54,-30,23
1999,"ITA","Cagliari Calcio",34,3,18,13,29,54,-25,22
2001,"GER","FC St. Pauli",34,4,20,10,37,70,-33,22
1999,"GER","MSV Duisburg",34,4,20,10,37,71,-34,22
2001,"ITA","ACF Fiorentina",34,5,22,7,29,63,-34,22
2011,"ITA","AC Cesena",38,4,24,10,24,60,-36,22
1998,"ITA","Empoli FC",34,4,20,10,26,63,-37,22
2012,"ITA","Pescara Calcio",38,6,28,4,27,84,-57,22
1999,"ITA","Piacenza Calcio",34,4,21,9,19,45,-26,21
2005,"ITA","Treviso FBC",38,3,23,12,24,56,-32,21
2012,"GER","SpVgg Greuther Furth",34,4,21,9,26,60,-34,21
2002,"ITA","Torino FC",34,4,21,9,23,58,-35,21
1998,"GER","Bor. Monchengladbach",34,4,21,9,41,79,-38,21
2000,"ITA","AS Bari",34,5,24,5,31,68,-37,20
2014,"ESP","Cordoba CF",38,3,24,11,22,68,-46,20
1996,"ITA","AC Reggiana",34,2,19,13,28,67,-39,19
2002,"ENG","Sunderland",38,4,27,7,21,65,-44,19
2001,"ITA","AC Venezia",34,3,22,9,30,61,-31,18
2004,"GER","SC Freiburg",34,3,22,9,30,75,-45,18
2015,"ENG","Aston Villa",38,3,27,8,27,76,-49,17
2005,"ENG","Sunderland",38,3,29,6,26,69,-43,15
1997,"ITA","SSC Napoli",34,2,24,8,25,76,-51,14
1997,"ESP","Sporting Gijon",38,2,29,7,31,80,-49,13
2003,"ITA","Ancona Calcio",34,2,25,7,21,70,-49,13
2007,"ENG","Derby County",38,1,29,8,20,89,-69,11
